asin,text,title,location_and_date,verified,rating
B0BN61LYFB,Anche essendo l’i5 più piccolo fa egregiamente il suo dovere. Mai un problema o un blocco nonostante abbia il suo dissipatore stock. Lo uso per produttività e qualche piccolo gioco. Consigliato,Troppa grazia,"Reviewed in Italy on April 5, 2024",True,5.0
B0BN61LYFB,,"Ny, kanske inte?","Reviewed in Sweden on December 8, 2023",True,2.0
B0BN61LYFB,Good condition and working properly,Awesome product,"Reviewed in India on March 13, 2023",True,5.0
B0BN61LYFB,"Processador muito forte,empurra do tranquilo rtx 4060 ao limite.",Processador,"Reviewed in Brazil on June 12, 2024",True,5.0
B0BN61LYFB,"Es muy buen procesador, lo ocupo para multitudes y funciona de maravilla, puedo jugar y grabar o transmitir al mismo tiempo sin que disminuyan fps, lo único malo el disipador de stock, se necesita cambiarlo a la brevedad, al inicio con el la temperatura llegaba hasta los 100°C jugando y grabando, obvio nada recomendable, ya con disipador de torre la temperatura anda en los 50°C como máximo.",Excelente procesador,"Reviewed in Mexico on May 13, 2024",True,5.0
B0BN61LYFB,"what a sexy chip this is easy to install lighting fast , 10 cores 16 threads. very happy. would defiantly recommend .",sexy chip,"Reviewed in the United Kingdom on June 13, 2024",True,5.0
B0BN61LYFB,Bang for the buck!,Bang for the buck CPU,"Reviewed in Australia on April 23, 2024",True,5.0
B0BN61LYFB,Macht das was er soll der Wechsel von i5 3470 auf 13400f ist Hammer gut,Super guter prozesor,"Reviewed in Germany on May 6, 2024",True,5.0
B0BN61LYFB,"Absolutely stunning cpu for the price, if you pair it with the 3060 you can play everything",Best cpu for the price,"Reviewed in the Netherlands on July 28, 2023",True,5.0
B0BN61LYFB,Un procesador rápido en todas las tareas de instituto como PowerPoint Excel CanvasCon un 7800xt nada de cuello de botellaViene con una refrigeración por aire mejor que generaciones pasadas y pasta termica preaplicada,I5 13400 F,"Reviewed in Spain on April 23, 2024",True,5.0
B0BN61LYFB,"Procesor bardzo mocny, spokojnie przez lata obsłuży. Przesiadka z 5 generacji Intela na 13 :) Procesor przyszedł w wersji OEM, ale obsługa nadała mi zniżkę na zakup chłodzenia, więc jestem zadowolony. Gwarancja jest 2 lata, więc jest ok.",Otrzymałem wersje OEM/Bulk bez wentylatora i pudełka.,"Reviewed in Poland on April 5, 2023",True,5.0
B0BN61LYFB,"Le processeur Intel Core i5-13400F offre des performances solides à un excellent rapport qualité-prix.1. **Performances :** Les performances du i5-13400F sont impressionnantes, offrant une puissance de traitement rapide et efficace pour les tâches quotidiennes et les jeux.2. **Architecture :** Basé sur l'architecture Alder Lake, ce processeur bénéficie des dernières avancées technologiques, garantissant une efficacité énergétique accrue et des performances optimisées.3. **Multitâche :** La gestion du multitâche est robuste grâce à ses six cœurs et douze threads, permettant une exécution fluide de plusieurs applications simultanées.4. **Jeu :** Les performances en jeu sont convaincantes, offrant des fréquences d'images stables dans une large gamme de titres, en faisant un choix solide pour les joueurs sur un budget.5. **Refroidissement :** La consommation d'énergie modérée contribue à un fonctionnement relativement frais, bien que l'ajout d'un système de refroidissement efficace puisse optimiser davantage les performances.6. **Rapport Qualité-Prix :** Le i5-13400F offre un excellent rapport qualité-prix, idéal pour les utilisateurs cherchant des performances compétitives sans exploser leur budget.En résumé, le processeur Intel Core i5-13400F représente un choix équilibré pour ceux qui recherchent des performances fiables à un coût raisonnable, le plaçant comme un concurrent de choix sur le marché des processeurs milieu de gamme.",Un excellent rapport qualité-prix,"Reviewed in France on September 30, 2023",True,5.0
B0BN61LYFB,"This is my first bad experience with the i5 x400F series. Tried it on a fairly decent MSI Z790 Tomahawk motherboard.I tried the i5 8400, 10400F, 11400F and now this 13400F, and this is the first one that dissapoints.The turboboost behavior is not what I'm used to. I do not recommend this one. The performance overall is better then the older ones ofcourse, but the powerlimits and frequencies are all over the place, and not how it should be on paper. Max turbo power should be 143Watts and all core turbo 4.1GHz . My sample's All core turbo didn't go above 3.9GHz and the power draw didn't went above 80 watts. and that's lower then previous gens. Therefore it's underperforming. Weird behavior on this chip. Returned it.",Older version are significantly better.,"Reviewed in the Netherlands on April 29, 2023",True,1.0
B0BN61LYFB,"Compre un Intel core i5-13400f y les puedo decir que es una maravilla, no se caliente mucho y trabaja espectacularmente rápido si le pones una tarjeta grafica decente, en mi caso RTX 3060 de 12Gb, con un par de memorias fuertes este procesador se da vida de trabajar muy rapido.",Buen producto,"Reviewed in Spain on June 29, 2023",True,5.0
B0BN61LYFB,"Ich habe diesen Prozessor aufgrund von seines Preis-Leistungs-Verhältnisses gekauft, da ich mein System upgraden wollte.Die Verpackung ist simpel gehalten, keine irrelevanten Informationen und hat eine ansprechende Wirkung auf mich. Der Prozessor kam mit einem Boxed-Kühler, also direkt mit einem passenden Luftkühler dazu. Das Einsetzen auf das Mainboard ist sehr einfach und die Haptik ist sehr ansprechend. Auf dem Prozessor ist wie immer der Produktname und die Taktfrequenz abgebildet.Die CPU hat in seinem Preisfeld keine wirkliche Konkurrenz, die ähnliche Leistungen aufweisen. Der Preis ist zudem sehr angemessen. Mir gefällt vor allem die Teilung der Prozessorkerne, die die Aufgaben des Pc's nebenbei gut getrennt erfüllt, dass auch hier die maximale Leistung rausgeholt hat. Der Prozessor hat aufgrund der -F Kennzeichnung keine Grafikeinheit. Die Frequenz des Prozessors ist ziemlich hoch und bietet auch hier eine sehr zufriedenstellende Leistung. Ich bekomme die CPU nur unter sehr schwierigen Bedingungen auf die Hälfte der Auslastung.Mein einziger Kritikpunkt hierbei ist der Luftkühler. Die CPU wird zwar nicht zu heiß mit ihm, jedoch ist dieser ziemlich laut und aufgrund dessen würde ich zu einem anderen Luftkühler oder nochj besser einer Wasserkühlung raten.Insgesamt ein sehr gutes und empfehlenswertes Produkt!","Starke Leistung, geringer Preis, gute Technik und wenig Konkurrenz!","Reviewed in Germany on June 20, 2023",True,5.0
B0BN61LYFB,This CPU is well priced and very fast for the price. Very happy customer indeed. Highly recommended!,"Good price, strong CPU","Reviewed in the United Kingdom on March 9, 2024",True,5.0
B0BN61LYFB,Ce processeur est très rapide. Parfait. Rien à redire.,Processeur très rapide.,"Reviewed in France on May 23, 2024",True,5.0
B0BN61LYFB,"Muitos falam que ele esquenta muito porém aqui está normal temperatura legal, melhor custo benefício Intel",Processador top,"Reviewed in Brazil on May 2, 2024",True,5.0
B0BN61LYFB,"Lo sto provando adesso che scrivo questa recensione, trovo che sia prestazionalmente come il suo predecessore, il 12400f, con 100Mhz in più che nemmeno si percepiscono, forse con l'architettura un po' migliorata mi sembra più reattivo, ma è una sensazione probabilmente, dati alla mano siamo li.Come il 12400f con però 4 Ecore in più che probabilmente in ambiente produttivo danno quel pizzico di calcolo in più che non guasta.Quindi 10 core e 16 threads con un clock di 4Ghz in gaming va molto beneCome sempre blindatissimo, non è sbloccato, si possono regolare solo le frequenze delle ram, il processore quello è e quello rimane, in questo Intel purtroppo è sempre stata molto tirchia, o prendi la serie K o non cambi neanche una virgola.A parte questa scelta filosofico-commerciale, questo processore va che è una favola, con una 3070 ci gira bene un po' tutto e per quel pugno di watt che consuma non scalda neanche granchè.Io l'ho preso in un momento in offera a 180€ e credo che nel prossimo futuro riscenderà a queste cifre, per un pc da gaming per così dire ""entry level"" a quel prezzo è un buon'affare.",buona evoluzione del 12400f con 4 Ecore in più,"Reviewed in Italy on March 26, 2024",True,5.0
B0BN61LYFB,Fonctionne bien dés la première utilisation.,Fonctionne bien dés la première utilisation.,"Reviewed in France on February 28, 2024",True,5.0
B0BN61LYFB,"Ho comprato questo processore Intel Core i5-13400F per aggiornare il mio vecchio PC e sono molto contento della mia scelta. Il processore è ideale per chi cerca un processore potente, veloce ed efficiente, adatto sia per il gaming che per il lavoro. Ha 16 CPU in totale e mi trovo molto meglio a fare editing video su YouTube. Non si scalda più come il mio vecchio cpu, sono molto contento della scelta.",Ottimo CPU potenza/prezzo,"Reviewed in Italy on June 8, 2023",True,5.0
B0BN61LYFB,Sehr schneller CPU .mein neuer PC läuft schneller denn je und ohne Probleme....,CPU i5,"Reviewed in Germany on April 5, 2024",True,5.0
B0BN61LYFB,"I knew there was two versions of the i5-13400f based on Alder and Raptor. But the Raptor was as rare as hens teeth in retail, supposedly kept for the OEM market and for slightly more power and without a boxed cooler. Well what did I get? The Raptor around 5% quicker than Alder, anything quicker in pc gaming is a plus. LolYou can also recognize Stepping B0 (Raptor Lake) in a better catalog by the S-Spec code, which is SRMBG. It differs from Stepping C0 (Alder Lake, S-Spec code SRMBN) in the last letter of the designation – “G” instead of “N” Check the CPU die as per my picture. It also shipped with the Laminar RM1 cooler on my MSI MAG Tomahawk WIFI DDR5. Happy days! Check the net for more tech by inputting the two spec codes above. I’m playing Cyberpunk 2077 and an RTX 4060 TI at 1440P everything on ultra using Super DLSS and getting near 100FPS. Bearing in mind it’s both CPU and GPU intensive. Superb processor!",What do you know. I got the Raptor Lake CPU!,"Reviewed in the United Kingdom on January 8, 2024",True,5.0
B0BN61LYFB,"Sai de um i3 12400f pra ele e deu uma grande diferença nos jogos, único problema é a temperatura alta, mas isso um Air cooler bom já resolve",Processador muito bom e entrega rápida,"Reviewed in Brazil on March 16, 2024",True,5.0
B0BN61LYFB,"Va fenomenal. Montado en una Gigabyte B660M DS3H, memorias a 3600 MHz de Kingston, RX6600 y 2 nvme pcie 4.0. Con refrigeración líquida de 240 alcanza máximo de 60° con un test de estrés. . Gracias a esta placa actualicé bios sin procesador. Va muy bien en juegos y en general.",Un procesador fresco y eficiente,"Reviewed in Spain on February 10, 2023",True,5.0
B0BN61LYFB,Como esperaba,Perfecto,"Reviewed in Spain on May 9, 2024",True,5.0
B0BN61LYFB,Abbinata ad una scheda video gtx 3060 ti il processore a massima risoluzione nei giochi non va oltre e il 40 percento. Sembra strano ma risponde perfettamente al gaming.Non c'è bisogno di andare sui i7 o i9. Per giocare basta e avanza il i5 13400Da sempre amd . oggi Intel. Penso sia migliore. Almeno fino ad ora. In estate vedremo se e quanto riscalda,Gaming,"Reviewed in Italy on January 4, 2024",True,5.0
B0BN61LYFB,"Processador muito bom,o único problema é a temperatura,vai precisar de um sistema de refrigeração mais robusto",Perfeito para pc mid de hoje,"Reviewed in Brazil on February 16, 2024",True,5.0
B0BN61LYFB,Optimale Preis-/Leistung-Verhältnis!,Optimale Preis-/Leistung-Verhältnis!,"Reviewed in Germany on April 5, 2024",True,5.0
B0BN61LYFB,très bien comme processeur,processeur,"Reviewed in France on May 18, 2024",True,5.0
B0BN61LYFB,"I was looking to upgrade my 10 year old Dell system to make it compatible with Windows.  This CPU stood out as it had a lot of cores, good speed specification and without the on board GPU it was a good price.  The supplied Intel cooling fan is very good, overall a good purchase.",Very good CPU,"Reviewed in the United Kingdom on June 11, 2023",True,5.0
B0BN61LYFB,Ottimo articolo.,"Intel® Core™ i5-13400F, processore desktop, per sistemi desktop 10 core","Reviewed in Italy on May 5, 2024",True,5.0
B0BN61LYFB,Muito bom desempenho e a entrega foi feita dentro do prazo ! Tudo perfeito!,Tudo ok,"Reviewed in Brazil on December 21, 2023",True,5.0
B0BN61LYFB,Bon processeur pour gaming et bureautique,Bon processeur,"Reviewed in France on April 30, 2024",True,4.0
B0BN61LYFB,"Very happy, I upgrade from an i5 9th gen 9600KF, night and day on some game !Very chill in temp with my arctis freezer II 280mm, 40-50° in game","Good CPU, good value","Reviewed in Germany on April 22, 2024",True,5.0
B0BN61LYFB,Bought it as an upgrade from my last and it has been perfect so far.,Great value for money,"Reviewed in the United Kingdom on December 3, 2023",True,5.0
B0BN61LYFB,Buena potencia y se calienta poco.,Buen procesador,"Reviewed in Spain on August 13, 2023",True,5.0
B0BN61LYFB,Ce n'est pas le meilleur rapport performances prix mais le processeur reste très bon pour faire tourner n'importe quel jeu en 1440p ultra à 165 hz (pour mon cas)  Je le conseille fortement car c'est un des meilleurs en milieu de gamme,Description,"Reviewed in France on December 23, 2023",True,5.0
B0BN61LYFB,a good gaming cpu,great gaming cpu,"Reviewed in the United Kingdom on April 4, 2024",True,5.0
B0BN61LYFB,PRODUTO DE ACORDO COM MINHAS EXPECTATIVA,PROCESSADOR,"Reviewed in Brazil on November 15, 2023",True,5.0
B0BN61LYFB,"Lo he montado con una 4070 y va perfecto, la mejor compra de componentes que he hecho",La mejor compra,"Reviewed in Spain on December 4, 2023",True,5.0
B0BN61LYFB,"Ho deciso di rimanere su Intel sebbene AMD proponeva dei buoni prodotti. Fra le diverse varianti ho optato per la 13th gen e fino ad ora non sono rimasto deluso. Ottimo TDP e pienamente sufficiente per le mie necessità. I dati dello screen sono presi con utilizzo blando (browser, discord, steam e un gioco molto semplice quasi da cellulare (fallout shelter).Occhio ad eventuali colli di bottiglia nell'accoppiamento con una GPU (che non ho ancora preso).Già con una 4070 siamo leggermente sotto",buono per build media,"Reviewed in Italy on June 10, 2023",True,4.0
B0BN61LYFB,"Für das Geld hat dieser Prozessor eine super Leistung und ist damit Amd etwas voraus. Er taktet sich selbstständig hoch und runter, wie es gerade passt. Er hat keine Onboard Grafik, aber das sollte man wissen, wenn man sich für diese CPU entscheidet.Die CPU ist immer, selbst bei Volllast, recht kühl.Eine echte Empfehlun.",Macht was er soll,"Reviewed in Germany on June 2, 2023",True,5.0
B0BN61LYFB,Would recommend this cpu to anyone it is so quick doesn't break a sweat !,Fantastic cpu really quick  less than £200,"Reviewed in the United Kingdom on January 6, 2024",True,5.0
B0BN61LYFB,Bonsoir le colis à été livré sans le processeur à l'intérieur faites très attention .,Boîte livré sans processeur,"Reviewed in France on June 22, 2024",True,1.0
B0BN61LYFB,Procesador de Intel. De lo mejorcito para todo. En juegos va de fábula.,Pedazo de procesador.,"Reviewed in Spain on May 1, 2023",True,5.0
B0BN61LYFB,Die CPU ist sehr gut und sehr empfehlenswert mit einer RTX 3060ti,Sehr gute CPU,"Reviewed in Germany on October 7, 2023",True,5.0
B0BN61LYFB,"O produto chegou tudo ok e funcionando perfeitamente, o preço estava ótimo, porém existem algumas ressalvas: o produto chegou com a caixa bem amassada (pode ter um maior cuidado na embalagem e transporte) e a entrega além de demorada atrasou 2 dias.",Produto ótimo já o transporte...,"Reviewed in Brazil on August 1, 2023",True,4.0
B0BN61LYFB,ottimo venditore ed ottimo prodotto,ottimo,"Reviewed in Italy on March 17, 2024",True,5.0
B0BN61LYFB,"Cercavo un processore potente e allo stesso tempo non troppo costoso e la mia scelta è ricaduta su questo. Inutile dire che va una meraviglia, ottimo sia per gaming che per lavori abbastanza pesanti. Ho tenuto per una scelta pratica il suo dissipatore originale e in full load non supera mai i 70 gradi. L’ho abbinato ad una B660 della Gigabyte e 32GB di ram a 3600MHz e non posso che essere soddisfatto!",Ottimo processore!,"Reviewed in Italy on March 14, 2023",True,5.0
B0BN61LYFB,It’s not a bad cpu at all for the price and works great for gaming.Yes there are better but more money,Good cpu for the cheapest i5 13 series,"Reviewed in the United Kingdom on August 8, 2023",True,4.0
B0BN61LYFB,Top cpu alles ok,Cpu,"Reviewed in Germany on December 23, 2023",True,5.0
B0BN61LYFB,"lo compre por el precio, si hubiera podido, me hubiera comprado el 13600k",cumple,"Reviewed in Spain on June 11, 2023",True,2.0
B0BN61LYFB,"Le produit me convient énormément, je l’ai eu au bout de 2 jours et très bien emballé.",Parfait !,"Reviewed in France on January 2, 2024",True,5.0
B0BN61LYFB,Produto excelente. Cumpre o que promete,Intel é Intel,"Reviewed in Brazil on November 3, 2023",True,5.0
B0BN61LYFB,Articolo danneggiato si può avere il reso grazie,Processore,"Reviewed in Italy on February 6, 2024",True,5.0
B0BN61LYFB,"Excellent processeur, 10 coeurs dont 4 économiques.Mon seul regret est que Windows gère aussi mal ses ressources, et réveille tour à tour tous les coeurs (ou presque) quand on ne fait rien que regarder les performances...)Grille de notation : note de style ??? Qu'est-on censé noter ici ? la couleur du processeur ?",Un processeur Intel - tout est dit,"Reviewed in France on May 30, 2023",True,4.0
B0BN61LYFB,Good,Gaming,"Reviewed in the United Kingdom on January 14, 2024",True,5.0
B0BN61LYFB,"Ottimo acquisto, consigliato in questo periodo considerato che costa 50€ in meno rispetto a quando lo acquistai io . A livello qualitativo lo consiglio sicuramente ha prestazioni ottime per il mio computer da media alta fascia. ...",Consigliato !,"Reviewed in Italy on November 11, 2023",True,5.0
B0BN61LYFB,"installer sur ma config de gamer, il répond bien , associé à une bonne carte graphique , il vous permettra d'avoir un ordinateur puissant pour pouvoir jouer pendant des heures",puissant,"Reviewed in France on November 25, 2023",True,5.0
B0BN61LYFB,"ho comprato un paio di giorno fa questo articolo, vado per assemblare il pc apro e vedo la ventola rotta, ho scritto al venditore ma mi han scritto che gli uffici erano chiusi, ho riscritto e ancora niente, quindi ho deciso di fare la recensione",ventola rotto e venditore non risponde,"Reviewed in Italy on October 23, 2023",True,3.0
B0BN61LYFB,Tutto ok ..consegna e funzionamento soddisfata,Core,"Reviewed in Italy on December 9, 2023",True,5.0
B0BN61LYFB,10 cores for £200! I have this running with a 3070ti with zero processor bottle neck.Check your motherboards bios before installing though as it will need to be on the latest to run the new 13th gen processors. I found that out the hard way because I bought a new motherboard at the same time and had to borrow a 12th gen processor to be able to update the bios! All good now though running 10/10 and future proof.,Great value for money,"Reviewed in the United Kingdom on February 14, 2023",True,5.0
B0BN61LYFB,Tutto benissimo. Processore ottimo e tempi di consegna perfetti,Processore perfetto,"Reviewed in Italy on November 29, 2023",True,5.0
B0BN61LYFB,"livré rapidement  , avec un ventirad d origine nickel",Parfait,"Reviewed in France on December 18, 2023",True,5.0
B0BN61LYFB,"I like intel CPU's and I know this one is good value for money. However, the internal box came damaged while the main amazon box was fine, meaning Amazon packed an already damaged product",Came Damaged,"Reviewed in the United Kingdom on February 6, 2024",True,2.0
B0BN61LYFB,"I ( also, I am NOT THE ONLY commenter in this case ) received only a FAN in my order, DONT BUY IT",DONT BUY THERE IS JUST A FAN NO INTEL,"Reviewed in Germany on June 9, 2024",True,1.0
B0BN61LYFB,Produto muito bom chegou rapido,Muito,"Reviewed in Brazil on November 2, 2023",True,5.0
B0BN61LYFB,"much better than equivalent 12th gen, more cores , more power",nice pr0cessor 10 cores,"Reviewed in the United Kingdom on July 15, 2023",True,5.0
B0BN61LYFB,"O pedido chegou bem rápido e o produto é exatamente como eu esperava, super satisfeito, recomendo",Muito bom,"Reviewed in Brazil on September 4, 2023",True,5.0
B0BN61LYFB,I recently upgraded from the i5-8400 and this CPU was definitely worth it. My overall performance on my rig has increased with more smoother outputs and no stuttering at all on games I play.Easy to install and 100% worth it.,Great upgrade!,"Reviewed in the United Kingdom on February 2, 2023",True,5.0
B0BN61LYFB,"Se non hai troppe esigenze, e ottimo.",Ottimo per giocatori,"Reviewed in Italy on September 10, 2023",True,5.0
B0BN61LYFB,"Non sono un esperto, ma cercavo un processore che mi permettesse di giocare e lavorare resistendo alla prova del tempo. Ebbene finora tutto alla grande, i benchmark risultano pure con un punteggio alto quindi A-OK","So far, so good","Reviewed in Italy on April 26, 2023",True,5.0
B0BN61LYFB,"Comprato usato come nuovo, c'era solo la scatola danneggiata, in poche parole e arrivato solo il dissipatore ma la CPU mancava, oltretutto la ventola del dissipatore era rotta, non so se è partita così o se è stata la delicatezza del postino nel lanciare il pacchetto al momento della consegna, ho restituito il prodotto subito...",Una fregatura...,"Reviewed in Italy on April 13, 2024",True,1.0
B0BN61LYFB,"So far so good only had it installed for 3 days but working very well, and I chose not to pay the £10 delivery and it was still sent out with DPD",So far so good 👍,"Reviewed in the United Kingdom on March 9, 2023",True,5.0
B0BN61LYFB,Ottimo prodotto,Ottimo,"Reviewed in Italy on September 17, 2023",True,5.0
B0BN61LYFB,Entrega no prazo. Funcionando perfeitamente.,Satisfeita com a compra,"Reviewed in Brazil on September 19, 2023",True,5.0
B0BN61LYFB,"Leistet ziemlich überall eine Top Performance, einfache Installation",Bester Midrange Prozessor,"Reviewed in Germany on July 8, 2023",True,5.0
B0BN61LYFB,Me surpreendi…,Excelente custo benefício.,"Reviewed in Brazil on September 25, 2023",True,5.0
B0BN61LYFB,"Servizio a pari di Amazon, comprare venduto da Amazon o da loro è uguale, forse meglio loro",Prodotto conferme e venditore terzi ad Amazon 🔝 al pari di Amazon,"Reviewed in Italy on May 24, 2023",True,5.0
B0BN61LYFB,I get what I expected !Perfect Delivery !,Nickel !,"Reviewed in France on September 1, 2023",True,5.0
B0BN61LYFB,Works as designed.,Great processor for needed activities,"Reviewed in Germany on June 30, 2023",True,5.0
B0BN61LYFB,Preis Leistung ist top. Alles so wie man es von Intel gewöhnt ist,Rennt,"Reviewed in Germany on April 2, 2023",True,5.0
B0BN61LYFB,Un ventirad reçu mais le processeur lui n’était pas là je demande le remboursement,Incomplet,"Reviewed in France on June 13, 2024",True,1.0
B0BN61LYFB,Vergleichbar mit nem 12600k...etwas schwächer aber deutlich weniger Energyverbrauch....Läuft hier auf nem TUF B660....absolut krasse CPU.Preis etwas hoch (noch) ...ich konnte aber nicht warten:),Top CPU...,"Reviewed in Germany on January 20, 2023",True,5.0
B0BN61LYFB,"n'achetez pas, appart si vous voulez recevoir une boite avec juste un ventirad.",Arnaque,"Reviewed in France on June 11, 2024",True,1.0
B0BN61LYFB,Super),Super,"Reviewed in Germany on May 22, 2023",True,5.0
B0BN61LYFB,Super CPU ! Habe ein Gigabyte b660 Gaming x und mit dem BIOS Update ging alles super . Windows ist direkt gestartet !,I5 13400f,"Reviewed in Germany on January 16, 2023",True,5.0
B0BN61LYFB,Stabile con performance di tutto rispetto nella fascia medio alta,Processore i5 13400F,"Reviewed in Italy on April 3, 2023",True,5.0
B0BN61LYFB,Idéal pour du gaming,Très bon processeur,"Reviewed in France on July 8, 2023",True,5.0
B0BN61LYFB,Un bon produit de moyenne gamme à un prix correct,Bon compromis,"Reviewed in France on February 14, 2023",True,5.0
B0BN61LYFB,"I received my box today with a delay of almost a week and as if that wasn't enough the box arrived all damaged and opened",Delay and the product box arrived open,"Reviewed in the United Kingdom on December 7, 2023",True,1.0
B0BN61LYFB,Aucun problème fais le job,Bon processeur de 13`eme gen,"Reviewed in France on March 9, 2023",True,5.0
B0BN61LYFB,"Vendredi 8 décembre 2023 je reçois mon colis.  la boite du possesseurs ouvert avec seulement le dissipateur thermique et sans possesseurs,pour info le carton de livraison lui été pas ouvert seulement la boite du possesseurs été ouvert",Colis incomplet,"Reviewed in France on December 9, 2023",True,1.0
B0BN61LYFB,Nix,Lachhaft,"Reviewed in Germany on January 14, 2024",True,1.0
B0BN61LYFB,"Heureux de recevoir mon article, la boîte du processeur est arrivée dans un état très moyen et ouverte.Évidemment le processeur n’est plus dans la boîte…Quelle déception",Produit déjà ouvert et vidé,"Reviewed in France on December 7, 2023",True,1.0
B0BN61LYFB,"Arrivato oltre i giorni di consegna, non imballato, ma su una bustina, infatti la scatola aveva gli spigoli ammacccati, non ho fatto reso perché era l'ultimo pezzo che mi mancava per il pc, e fortunatamente funzionante! Almeno pr ora",Malino,"Reviewed in Italy on March 5, 2023",True,2.0
B0BN61LYFB,Se potessi dare 0 stelle le darei,Pessimo,"Reviewed in Italy on November 28, 2023",True,1.0
B0BN61LYFB,same as my gpu and motherboard all box damaged.,damaged box,"Reviewed in Germany on April 5, 2023",True,1.0
B0BN61LYFB,Un bon produit de moyenne gamme à un prix correct,Bon compromis,"Reviewed in France on February 14, 2023",True,5.0
B0BN61LYFB,"I received my box today with a delay of almost a week and as if that wasn't enough the box arrived all damaged and opened",Delay and the product box arrived open,"Reviewed in the United Kingdom on December 7, 2023",True,1.0
B0BN61LYFB,Aucun problème fais le job,Bon processeur de 13`eme gen,"Reviewed in France on March 9, 2023",True,5.0
B0BN61LYFB,"Vendredi 8 décembre 2023 je reçois mon colis.  la boite du possesseurs ouvert avec seulement le dissipateur thermique et sans possesseurs,pour info le carton de livraison lui été pas ouvert seulement la boite du possesseurs été ouvert",Colis incomplet,"Reviewed in France on December 9, 2023",True,1.0
B0BN61LYFB,Nix,Lachhaft,"Reviewed in Germany on January 14, 2024",True,1.0
B0BN61LYFB,"Heureux de recevoir mon article, la boîte du processeur est arrivée dans un état très moyen et ouverte.Évidemment le processeur n’est plus dans la boîte…Quelle déception",Produit déjà ouvert et vidé,"Reviewed in France on December 7, 2023",True,1.0
B0BN61LYFB,"Arrivato oltre i giorni di consegna, non imballato, ma su una bustina, infatti la scatola aveva gli spigoli ammacccati, non ho fatto reso perché era l'ultimo pezzo che mi mancava per il pc, e fortunatamente funzionante! Almeno pr ora",Malino,"Reviewed in Italy on March 5, 2023",True,2.0
B0BN61LYFB,Se potessi dare 0 stelle le darei,Pessimo,"Reviewed in Italy on November 28, 2023",True,1.0
B0BN61LYFB,same as my gpu and motherboard all box damaged.,damaged box,"Reviewed in Germany on April 5, 2023",True,1.0
B0BN61LYFB,Un bon produit de moyenne gamme à un prix correct,Bon compromis,"Reviewed in France on February 14, 2023",True,5.0
B0BN61LYFB,"The media could not be loaded.I received my box today with a delay of almost a week and as if that wasn't enough the box arrived all damaged and opened",Delay and the product box arrived open,"Reviewed in the United Kingdom on December 7, 2023",True,1.0
B0BN61LYFB,Aucun problème fais le job,Bon processeur de 13`eme gen,"Reviewed in France on March 9, 2023",True,5.0
B0BN61LYFB,"Vendredi 8 décembre 2023 je reçois mon colis.  la boite du possesseurs ouvert avec seulement le dissipateur thermique et sans possesseurs,pour info le carton de livraison lui été pas ouvert seulement la boite du possesseurs été ouvert",Colis incomplet,"Reviewed in France on December 9, 2023",True,1.0
B0BN61LYFB,Nix,Lachhaft,"Reviewed in Germany on January 14, 2024",True,1.0
B0BN61LYFB,"Heureux de recevoir mon article, la boîte du processeur est arrivée dans un état très moyen et ouverte.Évidemment le processeur n’est plus dans la boîte…Quelle déception",Produit déjà ouvert et vidé,"Reviewed in France on December 7, 2023",True,1.0
B0BN61LYFB,"Arrivato oltre i giorni di consegna, non imballato, ma su una bustina, infatti la scatola aveva gli spigoli ammacccati, non ho fatto reso perché era l'ultimo pezzo che mi mancava per il pc, e fortunatamente funzionante! Almeno pr ora",Malino,"Reviewed in Italy on March 5, 2023",True,2.0
B0BN61LYFB,Se potessi dare 0 stelle le darei,Pessimo,"Reviewed in Italy on November 28, 2023",True,1.0
B0BN61LYFB,same as my gpu and motherboard all box damaged.,damaged box,"Reviewed in Germany on April 5, 2023",True,1.0
B0BN61LYFB,Un bon produit de moyenne gamme à un prix correct,Bon compromis,"Reviewed in France on February 14, 2023",True,5.0
B0BN61LYFB,"The media could not be loaded.I received my box today with a delay of almost a week and as if that wasn't enough the box arrived all damaged and opened",Delay and the product box arrived open,"Reviewed in the United Kingdom on December 7, 2023",True,1.0
B0BN61LYFB,Aucun problème fais le job,Bon processeur de 13`eme gen,"Reviewed in France on March 9, 2023",True,5.0
B0BN61LYFB,"Vendredi 8 décembre 2023 je reçois mon colis.  la boite du possesseurs ouvert avec seulement le dissipateur thermique et sans possesseurs,pour info le carton de livraison lui été pas ouvert seulement la boite du possesseurs été ouvert",Colis incomplet,"Reviewed in France on December 9, 2023",True,1.0
B0BN61LYFB,Nix,Lachhaft,"Reviewed in Germany on January 14, 2024",True,1.0
B0BN61LYFB,"Heureux de recevoir mon article, la boîte du processeur est arrivée dans un état très moyen et ouverte.Évidemment le processeur n’est plus dans la boîte…Quelle déception",Produit déjà ouvert et vidé,"Reviewed in France on December 7, 2023",True,1.0
B0BN61LYFB,"Arrivato oltre i giorni di consegna, non imballato, ma su una bustina, infatti la scatola aveva gli spigoli ammacccati, non ho fatto reso perché era l'ultimo pezzo che mi mancava per il pc, e fortunatamente funzionante! Almeno pr ora",Malino,"Reviewed in Italy on March 5, 2023",True,2.0
B0BN61LYFB,Se potessi dare 0 stelle le darei,Pessimo,"Reviewed in Italy on November 28, 2023",True,1.0
B0BN61LYFB,same as my gpu and motherboard all box damaged.,damaged box,"Reviewed in Germany on April 5, 2023",True,1.0
B0BN68JXR2,"Ce i5 13400 de 13ième génération est un excellent processeur LGA 1700, il possède 10 cœurs (20Mo de cache et monte jusqu'à près de 5GHz ) de plus il embarque un GPU intel UHD Graphics 770.Il a remplacé mon ancien i5 3570 et on voit la différence aucun ralentissement même en utilisant plusieurs applications simultanément , aucun ralentissement dans les jeux gourmands en ressource. Il est compatible DDR5 et DDR4 -PCIe.5 et PCIe.4 ce qui permet de monter une configuration à prix correcte. Il ne chauffe pas et sa consommation est raisonnable.Le processeur est livré avec son ventilateur. C'est un excellent choix.",Excellent processeur 10 coeurs avec GPU,"Reviewed in France on May 6, 2024",True,5.0
B0BN68JXR2,Amazon delever better products,Genuine product,"Reviewed in India on February 25, 2024",True,5.0
B0BN68JXR2,"the item came in good condition, works fine foe now (1 week in) no complains so far.",Over all happy,"Reviewed in Germany on January 13, 2024",True,5.0
B0BN68JXR2,"A base é 2.5Ghz e não 4.6Ghz como diz o anúncio, mas ele chega a 4.6Ghz sim, sem a necessidade de fazer OC, nem mexer em BIOS.",Excelente,"Reviewed in Brazil on December 14, 2023",True,5.0
B0BN68JXR2,"Ero indecisa sul i5-12600K e questo, ovviamente preso questo e sono super contenta.",È come i5-12600K però più recente ed economico,"Reviewed in Italy on September 20, 2023",True,5.0
B0BN68JXR2,期待通りでした,非常に良い,"Reviewed in Japan on October 30, 2023",True,5.0
B0BN68JXR2,"Es un excelente procesador, su disipador de stock es muy malo lo use unas semanas en lo que llegaba mi refrigeracion liquida y si llegaba a subir a 90° C - 95° C abriendo cualquier video juegoLo recomiendo pero si consigue otro disipador para no sobre calentar el CPU",Muy bueno,"Reviewed in Mexico on June 6, 2023",True,5.0
B0BN68JXR2,"Sabía lo que compraba por lo que no me he llevado mucha sorpresa. Es un CPU capaz de muchas cosas, si lo quieres para ofimática, en 2023 vas sobrado, si lo quieres para juegos, también irás sobrado en la mayoría de títulos. Consume poco por lo que se calienta poco... o más bien se calentaría poco si el disipador que trae fuera más capaz. De momento lo dejo puesto pero tengo planes de cambiar el disipador por otro más eficaz en un futuro.",Según lo esperado,"Reviewed in Spain on August 15, 2023",True,4.0
B0BN68JXR2,"Die CPU funktioniert auf Anhieb in meinem nagelneuen LGA1700 MSI Board pro Z790-A Wifi . Für normale PCs ist sie mehr als völlig ausreichend. Die wesentlich teureren I7, I9 CPUs mit mehr Kernen können getrost den ultimativen Spielernaturen überlassen werden, die dann eh eine leistungshungrige Grafikkarte einsetzen. Ich bin sehr angenehm überrascht von den erreichten Geschwindigkeiren mit dieser CPU und den 980pro M2 NVME SSDs. Immerhin werden locker 7000GB/s Datendurchsatz erreicht, hervorragend.",Sehr gute CPU,"Reviewed in Germany on September 3, 2023",True,5.0
B0BN68JXR2,Questo processore rappresenta la migliore scelta per assemblare un PC di fascia media adatto al gaming,Il re della fascia media gaming,"Reviewed in Italy on June 11, 2023",True,5.0
B0BN68JXR2,"il travail dans les jeu 50% max, et il peux travailler  encore  5 ans sans problème.",Processeur  est trop fort,"Reviewed in France on January 12, 2024",True,5.0
B0BN68JXR2,Bem rápido.,Velocidade,"Reviewed in Brazil on December 31, 2023",True,5.0
B0BN68JXR2,Ist super für Gaming und Videobearbeitung,Besser als die F Variante,"Reviewed in Germany on December 2, 2023",True,5.0
B0BN68JXR2,Ótimo produto.,Aprovado,"Reviewed in Brazil on October 20, 2023",True,5.0
B0BN68JXR2,Al momento va benissimo,Intel® Core™ i5-13400,"Reviewed in Italy on March 10, 2024",True,4.0
B0BN68JXR2,Good price,Good price,"Reviewed in Germany on August 21, 2023",True,5.0
B0BN68JXR2,"ottimo processore, a me non serve per geming, ma solo per grafica",intel 13400,"Reviewed in Italy on April 10, 2023",True,5.0
B0BN68JXR2,Super schnelle lieferung gut verpackt und funktioniert einmandfrei sehe guter zustand und nicht kaputt,Wunderbar,"Reviewed in Germany on June 15, 2023",True,5.0
B0BN68JXR2,"Dopo 2 mesi di uso ,nessun problema.",Buon prodotto,"Reviewed in Italy on September 21, 2023",True,4.0
B0BN68JXR2,Con dispiacere ma ho dovuto fare il reso perchè non partiva IO.Puntuali e gia ricevuto i soldi di ricarica.,nessuna,"Reviewed in Italy on March 27, 2024",True,3.0
B0BN68JXR2,"il travail dans les jeu 50% max, et il peux travailler  encore  5 ans sans problème.",Processeur  est trop fort,"Reviewed in France on January 12, 2024",True,5.0
B0BN68JXR2,Bem rápido.,Velocidade,"Reviewed in Brazil on December 31, 2023",True,5.0
B0BN68JXR2,Ist super für Gaming und Videobearbeitung,Besser als die F Variante,"Reviewed in Germany on December 2, 2023",True,5.0
B0BN68JXR2,Ótimo produto.,Aprovado,"Reviewed in Brazil on October 20, 2023",True,5.0
B0BN68JXR2,Al momento va benissimo,Intel® Core™ i5-13400,"Reviewed in Italy on March 10, 2024",True,4.0
B0BN68JXR2,Good price,Good price,"Reviewed in Germany on August 21, 2023",True,5.0
B0BN68JXR2,"ottimo processore, a me non serve per geming, ma solo per grafica",intel 13400,"Reviewed in Italy on April 10, 2023",True,5.0
B0BN68JXR2,Super schnelle lieferung gut verpackt und funktioniert einmandfrei sehe guter zustand und nicht kaputt,Wunderbar,"Reviewed in Germany on June 15, 2023",True,5.0
B0BN68JXR2,"Dopo 2 mesi di uso ,nessun problema.",Buon prodotto,"Reviewed in Italy on September 21, 2023",True,4.0
B0BN68JXR2,Con dispiacere ma ho dovuto fare il reso perchè non partiva IO.Puntuali e gia ricevuto i soldi di ricarica.,nessuna,"Reviewed in Italy on March 27, 2024",True,3.0
B0BN68JXR2,"il travail dans les jeu 50% max, et il peux travailler  encore  5 ans sans problème.",Processeur  est trop fort,"Reviewed in France on January 12, 2024",True,5.0
B0BN68JXR2,Bem rápido.,Velocidade,"Reviewed in Brazil on December 31, 2023",True,5.0
B0BN68JXR2,Ist super für Gaming und Videobearbeitung,Besser als die F Variante,"Reviewed in Germany on December 2, 2023",True,5.0
B0BN68JXR2,Ótimo produto.,Aprovado,"Reviewed in Brazil on October 20, 2023",True,5.0
B0BN68JXR2,Al momento va benissimo,Intel® Core™ i5-13400,"Reviewed in Italy on March 10, 2024",True,4.0
B0BN68JXR2,Good price,Good price,"Reviewed in Germany on August 21, 2023",True,5.0
B0BN68JXR2,"ottimo processore, a me non serve per geming, ma solo per grafica",intel 13400,"Reviewed in Italy on April 10, 2023",True,5.0
B0BN68JXR2,Super schnelle lieferung gut verpackt und funktioniert einmandfrei sehe guter zustand und nicht kaputt,Wunderbar,"Reviewed in Germany on June 15, 2023",True,5.0
B0BN68JXR2,"Dopo 2 mesi di uso ,nessun problema.",Buon prodotto,"Reviewed in Italy on September 21, 2023",True,4.0
B0BN68JXR2,Con dispiacere ma ho dovuto fare il reso perchè non partiva IO.Puntuali e gia ricevuto i soldi di ricarica.,nessuna,"Reviewed in Italy on March 27, 2024",True,3.0
B0BN68JXR2,"il travail dans les jeu 50% max, et il peux travailler  encore  5 ans sans problème.",Processeur  est trop fort,"Reviewed in France on January 12, 2024",True,5.0
B0BN68JXR2,Bem rápido.,Velocidade,"Reviewed in Brazil on December 31, 2023",True,5.0
B0BN68JXR2,Ist super für Gaming und Videobearbeitung,Besser als die F Variante,"Reviewed in Germany on December 2, 2023",True,5.0
B0BN68JXR2,Ótimo produto.,Aprovado,"Reviewed in Brazil on October 20, 2023",True,5.0
B0BN68JXR2,Al momento va benissimo,Intel® Core™ i5-13400,"Reviewed in Italy on March 10, 2024",True,4.0
B0BN68JXR2,Good price,Good price,"Reviewed in Germany on August 21, 2023",True,5.0
B0BN68JXR2,"ottimo processore, a me non serve per geming, ma solo per grafica",intel 13400,"Reviewed in Italy on April 10, 2023",True,5.0
B0BN68JXR2,Super schnelle lieferung gut verpackt und funktioniert einmandfrei sehe guter zustand und nicht kaputt,Wunderbar,"Reviewed in Germany on June 15, 2023",True,5.0
B0BN68JXR2,"Dopo 2 mesi di uso ,nessun problema.",Buon prodotto,"Reviewed in Italy on September 21, 2023",True,4.0
B0BN68JXR2,Con dispiacere ma ho dovuto fare il reso perchè non partiva IO.Puntuali e gia ricevuto i soldi di ricarica.,nessuna,"Reviewed in Italy on March 27, 2024",True,3.0
B0BCDR9M33,"The Intel Core i5-13600K (Latest Gen) Desktop Processor is a true powerhouse, delivering unparalleled performance with its 14 cores, consisting of 6 P-cores and 8 E-cores. This processor has far exceeded my expectations, providing seamless multitasking and blazing-fast performance for all my computing needs.The standout feature of the Intel Core i5-13600K is its 14 cores, making it one of the most powerful processors in its class. The 6 primary cores (P-cores) are designed for single-threaded tasks and applications, ensuring lightning-fast responsiveness and smooth user experience. Additionally, the 8 efficient cores (E-cores) cater to multithreaded workloads, providing exceptional multitasking capabilities and maximizing productivity.With the latest generation technology, the i5-13600K unleashes the true potential of Intel's cutting-edge processor architecture. Whether I'm gaming, streaming, video editing, or running intensive software applications, this processor handles it all with ease.The integrated graphics of the i5-13600K eliminate the need for a discrete graphics card for everyday tasks and light gaming, providing a cost-effective and space-saving solution for those who don't require dedicated graphics processing.The unlocked multiplier of this processor allows for easy overclocking, making it an excellent choice for enthusiasts and gamers who want to push their system's performance even further.I appreciate the low power consumption of the i5-13600K despite its impressive performance, contributing to energy efficiency and reduced operating costs.The Intel Core i5-13600K is compatible with the latest motherboard chipsets, ensuring seamless integration and future upgradability.Intel is a trusted brand known for producing high-quality processors, and the i5-13600K continues that legacy, providing a reliable and stable computing experience.In conclusion, the Intel Core i5-13600K (Latest Gen) Desktop Processor with its 14 cores is a performance beast, capable of handling the most demanding computing tasks with ease. Its balanced combination of P-cores and E-cores, unlocked multiplier, integrated graphics, and energy efficiency make it an ideal choice for power users and gamers alike. If you're looking to unleash the full potential of your desktop, the Intel Core i5-13600K is the ultimate processor that won't disappoint. I highly recommend this processor for its outstanding performance and the incredible multitasking capabilities it brings to my computing experience!",Unleash the Power of 14 Cores for Ultimate Desktop Performance!,"Reviewed in the United States on August 3, 2023",True,5.0
B0BCDR9M33,"read the online reviews and I'm not disappointed,very good value for money, works perfectly.highly recommended for a budget PC.",Very good CPU for its class,"Reviewed in the United States on May 27, 2024",True,5.0
B0BCDR9M33,beast for gaming you'll never feel any bottlenecks with 99.9 % of any titlespair very nice with 4070ti.the temperatures are never over 60 under heavy load.if you care about longevity of cpu this is the best pick for you.,best mid to high rank cpu right now,"Reviewed in the United States on January 25, 2024",True,5.0
B0BCDR9M33,"I got the i5-13600K to meet my immediate needs for my new HTPC build which is also used for video creation. Because I'm not in a real rush to create and edit my short videos, this processor is all I need now and in the immediate future. Realizing that the LGA1700 processors may end production soon, I can still upgrade to the i7 and i9 to keep pace with ubiquitous software bloat.",Best value for my needs,"Reviewed in the United States on June 22, 2024",True,5.0
B0BCDR9M33,I just built my first pc and I decided to go with this intel CPU. The pc has been running great and I’ve had now issues with anything I’ve tried to do with it. It’s fast and can support both gaming and multitasking.,Great CPU,"Reviewed in the United States on February 13, 2024",True,5.0
B0BCDR9M33,I have had no issues with this processor. The temps are low even when heavily gaming. This PC is gonna last a really long time.,This is the best value for your buck at the moment.,"Reviewed in the United States on March 29, 2024",True,5.0
B0BCDR9M33,"This is a workhorse of a CPU. Currently have it slightly overclocked, but for normal use cases there is likely no need. Fantastic CPU, would recommend. I am cooling mine with a Corsair iCUE H115i, and I have no complaints.",Great CPU,"Reviewed in the United States on June 28, 2024",True,5.0
B0BCDR9M33,"I have great fps, and it stays cool under load. I'm running a 360 water cooler with it, and 6khz ddr5 ram. Longevity remains to be seen, but so far I can say, good job Intel. Full ultra settings with no less than 60fps in GW2 with 150+ players on the screen. 150+fps. with small group battles.",I really like this CPU,"Reviewed in the United States on January 6, 2024",True,5.0
B0BCDR9M33,"Using on my current work/gaming PC. Does the job, I would recommend at least a 280 AIO if you don't want to worry about temps and noise.",Works as advertised,"Reviewed in the United States on June 29, 2024",True,5.0
B0BCDR9M33,"I bought this to build a gaming pc with. But I like CPUs that have a graphics option. This gives me a little wiggle room when I'm debugging a system. When I'm putting it together, I can get the mother board assembly out without plugging in a GPU.I'm using this in a pc that primarily plays World of Warcraft. A core I5 is plenty for that. I'm sure an I3 is more than adequate. I'm using a Deep Cool cooler in a well ventilated case and it doesn't get above 72 degrees celsius, 51 degrees over ambient. I'm not a CPU snob and have used AMD and Intel equally over the years. I wanted thunderbolt ports and that pretty much limited me to Intel this go around. I am not disappointed. My machine gives me all the performance I need. FWIW, I'm running a 7800XT GPU in the system if that is of any interest.",I like a processor that also has graphics,"Reviewed in the United States on March 3, 2024",True,5.0
B0BCDR9M33,I run this with the cooler NH-U12A and max temp 60C running games like Cyberpunk and Helldivers 2.,Great CPU for air cooling,"Reviewed in the United States on May 11, 2024",True,5.0
B0BCDR9M33,"Building my own computer, this product is perfect for what I need",Great,"Reviewed in the United States on April 25, 2024",True,4.0
B0BCDR9M33,"The Intel Core i5-13600K is the latest champion in the mid-range desktop processor arena, promising top-notch gaming performance and efficient multitasking. But does it reign supreme, or face dethronement by rivals? Let's sharpen our critical swords and delve into its strengths and weaknesses:Pros:Performance Powerhouse: 14 cores (6 P-cores + 8 E-cores) and 20 threads deliver exceptional performance for gaming, content creation, and demanding workloads. Compared to its predecessor, the 12600K, it offers a significant performance leap.Gaming Prowess: Tears through even the most graphically demanding games with ease, boasting high frame rates and smooth gameplay at 1080p and beyond.Multitasking Maestro: Handles heavy multitasking like a champ, effortlessly juggling multiple applications, browser tabs, and demanding tasks simultaneously.Overclocking Champion: Unlocked multiplier allows for enthusiast-level overclocking, squeezing even more performance out of the silicon for those seeking ultimate power.DDR5 and PCIe 5.0 Support: Future-proofed with support for the latest DDR5 memory and PCIe 5.0 technology, ensuring compatibility with cutting-edge hardware upgrades.Cons:Power Hungry Prince: This performance comes at a cost, with a higher TDP (125W) and potential for increased power consumption compared to lower-power alternatives.Temperature Tantrums: Can run hot under heavy load, requiring beefy cooling solutions to maintain optimal performance and prevent thermal throttling.Pricey Pedigree: Carries a premium price tag compared to some Ryzen 5 competitors offering similar performance in certain scenarios.Windows 11 Preference: While technically compatible with Windows 10, Intel recommends Windows 11 for optimal performance and feature utilization.Motherboard Matchmaking: Requires a newer LGA 1700 motherboard, adding to the overall upgrade cost.Verdict:The Intel Core i5-13600K is a force to be reckoned with in the mid-range gaming processor category. Its exceptional performance, overclocking potential, and future-proof compatibility make it a tempting choice for serious gamers and creators. However, the higher power consumption, price tag, and potential thermal issues require careful consideration.Overall Rating: 4.5 out of 5 stars (with a slight temperature-related deduction)Should You Buy It?Absolutely! If you're a hardcore gamer or demanding content creator seeking the best value for performance in the mid-range, and aren't afraid of a little thermal taming, the 13600K is a top contender.Consider alternatives: If budget, power consumption, or Windows 10 compatibility are major concerns, explore Ryzen 5 options or consider the slightly less powerful (and cooler) i5-13500.",The King of Mid-Range Gaming? (With a Few Quirks),"Reviewed in the United States on January 4, 2024",True,3.0
B0BCDR9M33,Very nice CPU and easy to install. Always feels awkward holding this tiny piece of metal and mounting it to the motherboard. Handles the tasks I need and never had issues.,Great CPU,"Reviewed in the United States on April 18, 2024",True,5.0
B0BCDR9M33,"There's really not much that needs to be said. If you're upgrading to 13th gen Intel, and don't require the additional non-gaming related benefits of 13700k or 13900k, you can't go wrong with the i5-13600k. Even with XMP enabled to 6000Mhz & a Noctua NH-U12A tower cooler on top, this beast never gets truly hot in any game. Granted, I have a very good case for airflow, but regardless it's extremely rare I ever see this CPU hitting the 70's when gaming (this includes 1440p gaming at basically maxed settings), with plenty of utilization headroom on top of that. I paired this beastly CPU with the Sapphire Nitro Plus Radeon 6950XT & have been having an amazing experience all around. If you're deeply considering 13th gen, & your main focus is gaming, then the 13600k will perform up there with the best without all the additional heat the higher end SKU's give off. Genuinely give this CPU a 10/10, never in my life did I ever anticipate an i5 to be this great, but just goes to show it's more about the generation and less about the number after the i. If you're considering the CPU but unsure as to its performance, I promise you wont be disappointed with it one bit. Including with its temperatures. No under-volting needed.",Amazing CPU for gaming,"Reviewed in the United States on September 14, 2023",True,5.0
B0BCDR9M33,"I waited for a black Friday deal to get this chip, and boy oh boy... I'm blown away! I upgraded from an I5-8600K and the difference was clear, it was not clear eye, it was a monster of a CPU that can tear through any game you throw at it... As long as you pair it with a motherboard that doesn't hold back the power that is this processor.",Love at first game ( After RIG upgrade),"Reviewed in the United States on February 6, 2024",True,5.0
B0BCDR9M33,I got really lucky and got a high-performing chip.Totally pleased with it and the AI overclocking on my ASUS ROG board.,Everything I expected.,"Reviewed in the United States on March 22, 2024",True,5.0
B0BCDR9M33,"A great cPU, good value for money, I got mine during the Black Friday sale but do not use it for gaming. Good power as long as it is paired with a good motherboard, Ram and storage.",A workhorse,"Reviewed in the United States on January 15, 2024",True,4.0
B0BCDR9M33,"I have this in my newest rig and it is performing pretty well, very happy with the purchase",Great workhorse,"Reviewed in the United States on March 25, 2024",True,5.0
B0BCDR9M33,I like that the new PC I built does not slow down when spinning up a Linux VM in Hyper-V. The processor has plenty of threads and supports all the latest features and chipsets.,"Great spped for main core, and plenty of other cores for VMs","Reviewed in the United States on February 27, 2024",True,5.0
B0BCDR9M33,"Update 12-3-23: With the release of the 14ty generation CPUs. Intel barely clawed an extra 1-2% performance wise in the 14600k. Save your money and roll with the 13600k that continues to drop in price. This processor demolishes any workstation/gaming task I throw at it.Intel nailed the 13th gen i5 loading it up with 14 cores. This thing is a little devil in benchmarks, and for $300(at least) less than the 13900k, you can have a processor that stays in punching distance when gaming. Absolutely killer value of you want to build a gaming rig with a quality processor that doesn't eat $600. I recommend getting the K version just in case for some reason one time you boot and your GPU doesn't read, your computer still has a gui. If you decide to go with an Intel processor, this is the best price to performance option.",Golden age of Gaming CPU's is back,"Reviewed in the United States on August 12, 2023",True,5.0
B0BCDR9M33,"Oh, Intel Core i5-13600K, thou art a marvel of technology,A desktop processor that doth claim superiority.With clock speeds swift and cores so many,Thou art a powerhouse for any task plenty.Thine architecture, like a finely woven tapestry,Doth deliver performance with utmost efficacy.The tasks that once did vex and stall,With thee at helm, they crumble and fall.Thy clock speeds dance with lightning's might,Bringing forth swiftness to computations in sight.From gaming realms to design and creation,Thou art a boon to any technological vocation.Thy cores, like warriors in a grand parade,March in harmony, their power never to fade.Multitasking prowess, they do exhibit,As thou handleth multiple tasks, never to quit.Though thou art not the most noble in Intel's line,Thy value and power, they doth brightly shine.For those who seek a balance of might and cost,Thou art a choice that shall not be lost.So, let us raise our voices in great acclaim,To Intel Core i5-13600K, a processor of fame.In the realm of computing, thou reigneth high,A true companion for those who reach the sky.","""Thine Technological Triumph: A Sonnet for the Intel Core i5-13600K""","Reviewed in the United States on May 28, 2023",True,5.0
B0BCDR9M33,"I bought this CPU for a media/storage server I was building and I have not been disappointed. I am running Unraid OS with a number of Docker containers including Plex as well as virtual machines. Having 20 vCpus is awesome for some low requirement virtual machines and it's transcoding ability is great for Plex.A big reason I built a media server in the first place was to store my raw camera footage from storm chasing which is 4k 10bit which creates playback problems on a lot of hardware, it's just too large. I stood up a Plex docker container and added my footage and this CPU handles transcoding and streaming my videos no problem and it's great to go back and easily re-live some of those storms.We also have a growing library of TV shows and Movies and it also handles streaming those as well.I imagine this CPU would be awesome for gaming as well, but I don't have any experience with this chip and gaming but there are plenty of reviews that do go over that.Overall I'm happy with my purchase and would easily recommend this chip to anyone building a media server.","Very fast, Lots of Cores, Great transcoding","Reviewed in the United States on January 23, 2023",True,5.0
B0BCDR9M33,"Going from an old 4790K to this thing is like going from a biplane to the Concorde jet! This processor will crush any game out there. My main game is Flight simulator and the price to performance boost is outstanding. My old 1080SC is now the bottleneck in my system but both of them together makes even flying a helicopter in downtown New York, on multi-player, on ""high-end"" settings smooth as butter and the processor just sits at 55-60c! Amazing! The final piece of my new build was 32gb of corsair vengeance and I couldn't be happier unless I won the lotto.If you just need a solid gaming chip and don't want to break the bank, run, don't walk, to get this in your system today.BTW, I built my system using an ASUS ROG STRIX mITX, in an nr200p case and the Mugen 5 rev C does a great job keeping it cool using MX-6 thermal paste. The best part? It all fits neatly on my desk in my room. If you were waiting to build a new computer, now is the time. A 13th gen processor, DDR5 ram, a decent video card and a few SSDs and you'll be all set for the rest of the decade.",Amazing processor!,"Reviewed in the United States on December 1, 2022",True,5.0
B0BCDR9M33,good CPU,good CPU,"Reviewed in the United States on March 12, 2024",True,5.0
B0BCDR9M33,"I built myself and two sons computers for Christmas all based on this CPU and it has performed flawlessly on all three PC's. It was easy to install, keeps cool on air cooling, and has compatibility with many motherboards. Strongly recommended for gaming or general use computers.",Excellent value for the money and a great sweet spot in the gaming CPU market.,"Reviewed in the United States on December 24, 2023",True,5.0
B0BCDR9M33,"I LOVE THIS CPU. It's marketed as a value chip for the performance conscious gamer - at least in the reviews I've seen but that misses the mark. At 70 fewer watts than the i9-13900K you can actually cool the thing on air and enjoy similar single core performance, and with a respectable multicore performance score as well.My chip actually runs faster than Passmark says it should, but that might be because of my RAM. I got the K chip to get faster DDR5 speeds, not faster clock speeds, since I'm on air cooled, but at 5.1GHz I'm not for want of more cycles.My last CPU was an AMD Ryzen 7 4750G. Respectable for its day, but when I saw the performance of this Intel I decided it was time for me to switch back.My recommendation is that if you're running an air cooled gaming system, strongly consider this chip even if you have the cash for a 13th gen i9. You'll actually be able to keep it cool with a good cooler. I use a Noctua NH-DL12 with it and it's great.",This chip is a SCREAMER. Sleeper i5. Performs in the i9 tier. Get it.,"Reviewed in the United States on December 16, 2022",True,5.0
B0BCDR9M33,Best price-to-performance ratio in a CPU you would find today,Excellent budget CPU,"Reviewed in the United States on February 7, 2024",True,5.0
B0BCDR9M33,This is a very good CPU especially for the price. I love fast computers and don't see any reason to spend a lot more for very marginal gains.,Great for a new computer build.,"Reviewed in the United States on January 7, 2024",True,5.0
B0BCDR9M33,"If you are building a PC for gaming, look no further than this CPU. Just built a SFF PC with this bad boy and an rtx 4070 for 1440p focused gaming and it absolutely dominates. Getting 240 frames in Overwatch 2 and consistently 200 FPS in single player games in high quality.",Gaming value champ,"Reviewed in the United States on November 4, 2023",True,5.0
B0BCDR9M33,Very fast and everything works just perfect with it,Just perfect,"Reviewed in the United States on January 26, 2024",True,5.0
B0BCDR9M33,"The superhero of chips, nough' said. 10/10 -IGN",It's like a gaming CPU but affordable,"Reviewed in the United States on January 27, 2024",True,5.0
B0BCDR9M33,"Solid update from the 12 series, still selling for too much","Decent, still overpriced","Reviewed in the United States on October 19, 2023",True,4.0
B0BCDR9M33,Fantastic,Perfect,"Reviewed in the United States on February 9, 2024",True,5.0
B0BCDR9M33,"I'm sure it'll be obsolete by the time someone reads this but right now this is the best CPU for the money.Just look at the benchmark scores. It beats even the best cpus from 2 or 3 years ago and beats i7s from Intels 12th gen easilyIts great for video and audio editing. If it's for gaming, you'll be good with this for 10 years if the last 10 is anything to go by. And you can overclock it too to get even more out of it",Monster CPU for the price,"Reviewed in the United States on July 30, 2023",True,5.0
B0BCDR9M33,"I am extremally happy with this CPU. Blazing fast and very stable, runs supper cool. I am only running a dual fan cooler and it idles at 24c and when iRacing stays in hi 40's to low 50's. Only game/ Simulator I use is iRacing. I use some hi-tech 3d modeling programs. Both really stress the CPU. I love this unit, cheap but loads of features.",Still picking my jaw up off the floor!!! Cowabunga!!!,"Reviewed in the United States on September 13, 2023",True,5.0
B0BCDR9M33,"Absolute best bang for the buck...  I wanted to go i9 or at least i7 but with this latest round of intel processors, the extra $100-$150 per upgrade just did not seem worth it. I am very happy with my i5. Paired with an RTX 3060 TI, I am running super smooth with ultra graphics on most games that I am playing.. Currently playing Hogwarts in 4k borderless ultra graphics and ray tracing and maintaining 60 fps on a 4k television... Love it. It is so much faster and smoother than my other PC running the latest AMD processor.",FAST FAST FAST,"Reviewed in the United States on April 24, 2023",True,5.0
B0BCDR9M33,"This CPU runs real fast when paired with good RAM. I'm hitting 25,500 in cinebench r23 multi core workload. I manually overclocked it to 5.3ghz p-core, 4.6ghz e-core. It definitely produces a lot of heat, so make sure to get a big AIO or high end air cooler. You do not want to cheap out on a cooling solution or else you'll be leaving performance on the table.Only gripe with this cpu is the fact that intel markets this as a 14 core cpu, even when the e-cores aren't exactly a big deal in game. Those p-cores do real good work, but the e-cores are lacking. I don't like the $300+ price tag on this, but it does beat Ryzen 7000 series, so I'm satisfied with my purchase.",Hot and Fast,"Reviewed in the United States on November 26, 2022",True,5.0
B0BCDR9M33,The 13th gen cpu's from intel are very impressive. This i5 is no slouch either and can throw its wieght around with the i7 and i9s of previous generations. In Cinebench i got a score of 23605 points. I have an aio 360 ml cooler on it and my temps rarely get above 50c when Im gaming or editing. At idle it stays around 30c. Under load the temps did not go above 80c. This CPU will pair fine with any gaming setup and its ddr5 compatible with is a bonus.,This CPU is very fast.,"Reviewed in the United States on May 2, 2023",True,5.0
B0BCDR9M33,"I built my mom a new pc with this cpu. It is really fast! Her last computer was 10 years old, this should last at least that long. The on board video this chip supplies works great for what she does which is email, YouTube, ms office.",Good cpu,"Reviewed in the United States on July 9, 2023",True,5.0
B0BCDR9M33,"Up to standards. Worried at the beginning since the processor was not set in place inside the box, but still works normally.",Nice,"Reviewed in the United States on September 22, 2023",True,5.0
B0BCDR9M33,Absolute upgrade compared to my previous CPU but this one spits out heat like the summer sun. I believe you might want to invest with a good CPU cooler and properly do your install but it'll work like a champ.,Good and Hot,"Reviewed in the United States on July 30, 2023",True,5.0
B0BCDR9M33,Overclocked with basic settings on a z790 mobo. 5.3ghz easy and maxes at 54 degrees c. under load. I upgraded mobo and cpu from a i7 7700k so I could get windows 11 and reduce my windows boot times from 2 minutes to about 8 seconds.,Runs cool with air cooling,"Reviewed in the United States on June 23, 2023",True,5.0
B0BCDR9M33,I have been using this quite much and it’s great my laptop has the i7 and I’m use to a quick system and this has exceeded my expectations I have enjoyed the experience and think that I would use again for my next build.,Great use,"Reviewed in the United States on July 8, 2023",True,5.0
B0BCDR9M33,Very impressive and outperforms previous gen I9's when gaming while remaining easier to cool.,Great CPU,"Reviewed in the United States on September 28, 2023",True,5.0
B0BCDR9M33,,Excellent quality,"Reviewed in the United States on November 1, 2023",True,5.0
B0BCDR9M33,"I was able to get my 13600K to 5.5GHz on the P Cores and 4.2GHz on the E cores at 1.27V which equals to about 195 Watts at 100% utilization.Idles at 32C, 55-60C while gaming, and maxes out at 88C on a 10 minute Cinebench23 run. I get a score of 26100 in Cinebench23.I paired this with an MSI MPG Z690 EDGE WIFI, DDR5 6400 CL32, RTX 3080 & a Thermalright Peerless Assassin CPU cooler..Gaming performance is amazing!",Amazing!,"Reviewed in the United States on December 2, 2022",True,5.0
B0BCDR9M33,I am using it for a SFF build so not really the target market so if you are on the same boat then be sure to make time to tweak it.,This is one spicy processor. I spent 2 whole day trying to undervolt and under lock it,"Reviewed in the United States on March 19, 2023",True,4.0
B0BCDR9M33,"Upgraded from an i7 8700k and can say I am very happy with my upgrade. I got a noticeable jump in average fps, but the real improvement that can be felt while gaming was the increase in 1% low frame rates.This processor is a strong performer for the price - especially if you consider using DDR4 RAM if you’re on a tight budget.",Great cpu for gaming,"Reviewed in the United States on February 1, 2023",True,5.0
B0BCDR9M33,Great for mid range overclocking and pairs well with almost anything. Worth it 100%.,AMAZING,"Reviewed in the United States on August 28, 2023",True,5.0
B0BCDR9M33,"me gusto mucho , lo compre para gaming y no me arrepiento de mi compra",genial y super recomendable,"Reviewed in the United States on September 4, 2023",True,5.0
B0BCDR9M33,easy hookup for USB and external SATA drives.,big upgrade. works good.,"Reviewed in the United States on September 24, 2023",True,5.0
B0BCDR9M33,Went from i7 7700 to i5 12400f to i5 13600k. This processor is going to be in my machine for the next couple years. Probably gonna skip 14th Gen unless it’s mind blowingly better.I am paired with a 3070 Ti currently. I would have no worries pairing this with any 40 series card. I might wait for next gen GPUs as well.,13th Gen rules,"Reviewed in the United States on January 27, 2023",True,5.0
B0BCDR9M33,"temps was going crazy high, 100c in 3 of the 6 p cores with msi z690 edge but cinebench complete without throttling,found cpu lite load in oc settings on the board on mode12the cpu was drawing around 225 watt and this was beyond the cpu specs which is 180 wattchanged cpu lite load to mode 1now the max temps are 87 and watt is around 195great CPU",set the cpu lite load to mode 1,"Reviewed in the United States on December 12, 2022",True,5.0
B0BCDR9M33,"No bottleneck here! i5 13600K is beast! Intel definitely made one hell of a gaming CPU, that performs better than 5800x3d and it’s cheaper.",Beast of a gaming CPU!!,"Reviewed in the United States on March 5, 2023",True,4.0
B0BCDR9M33,For gaming this CPU is the best investment you can make... Only weakness is multitasking high end video editing...,Best CPU for the money today!,"Reviewed in the United States on July 4, 2023",True,5.0
B0BCDR9M33,"swapped out my 10850k @5Ghz for this chip, and across the board outperforms it for less power and thermals",One of the best budget CPU's,"Reviewed in the United States on July 14, 2023",True,5.0
B0BCDR9M33,"Get a good Z790 chipset motherboard, and overclock this thing to ~5.7 and you'll have the performance of a chip that's 2-3x the price for most users.",Best bang for the buck today,"Reviewed in the United States on May 24, 2023",True,5.0
B0BCDR9M33,"Paired the i5 13600k with MSI Z690-A Pro DDR4. Running P-Cores 5.4GHz and E-Cores 4.2GHz without any issues. Efficiency cores are powerful and they're equivalent to i7 9700k from few years ago. Scores 25,592 in Cinebench 23 with all cores, and 16,507 with E Cores disabled. Simply put, amazing! Can't ask for more. This CPU has no competition, period!",Blazing fast!,"Reviewed in the United States on December 1, 2022",True,5.0
B0BCDR9M33,I thought the 13th generation Intel processor were suppose to run hot. This one does not with a 240mm radiator; with the radiator temperature is in the 30's while gaming. At idle 20s.,Runs nice and cool,"Reviewed in the United States on April 11, 2023",True,5.0
B0BCDR9M33,"This is my first intel system I built. Always been AMD and saw the 13th gen out. Figured was worth a try. It did not disappoint. Only thing is the MSI board overvolts it stock, so temps were always hitting 100 degrees, even with water cooling. Set the Vcore to 1.2v and no longer getting hot.",First Intel desktop for me,"Reviewed in the United States on December 11, 2022",True,5.0
B0BCDR9M33,absolutely annihilate everything I throw at it.if you're bot doing some serious rendering and only gaming then this CPU is for you.the 13600k should be good for another 10-15 years of gaming 5.10ghz 20 cores is enough to destroy anything you throw at it,Savage CPU for the price,"Reviewed in the United States on February 15, 2023",True,5.0
B0BCDR9M33,"Ya se encuentra instalada en mi computadora es una maravilla, no me ha dado ningún problema y rinde en todo lo que necesito.",EXCELENTE PRODUCTO,"Reviewed in the United States on May 22, 2023",True,5.0
B0BCDR9M33,I think this CPU offers GREAT value for the money. I runs everything at full settings (with 3060 GPU) and stays cool with Noctua air cooling. Recommended!,Sleeper CPU,"Reviewed in the United States on April 15, 2023",True,5.0
B0BCDR9M33,Fantastic Chip!! Runs Cool!! And Super Fast!!Just buy it-You know you Want it!! :),Fantastic Chip!! Runs Cool!! And Super Fast!!,"Reviewed in the United States on May 25, 2023",True,5.0
B0BCDR9M33,"I upgraded from an i7-9700k to the i5-13600k. WOW! Huge difference. Faster load times, better gaming frame rates in games that depend on the CPU more than the GPU, no stuttering in intense games.I am impressed.Nice job, Intel.",Wow...This thing is FAST!,"Reviewed in the United States on February 11, 2023",True,5.0
B0BCDR9M33,This processor is blazing fast! The only con I can think of is the temps with factory motherboard settings. I'm sure the issue is the power settings from the motherboard,Awesome CPU!,"Reviewed in the United States on March 7, 2023",True,5.0
B0BCDR9M33,I had a 10700k before this. Day and night. Paired with a 4080 and it does 1440p 240hz on most titles without hiccups.,Low temps; but also runs everything flawlessly,"Reviewed in the United States on March 24, 2023",True,5.0
B0BCDR9M33,"Best value you can get right now, and it's really no compromise of performance compared to an i7 considering the price",Absurd value,"Reviewed in the United States on March 30, 2023",True,5.0
B0BCDR9M33,"Fit well, works well, enough said. Enjoying gaming on my new setup.",Good performance at a good price,"Reviewed in the United States on May 3, 2023",True,5.0
B0BCDR9M33,Excelente producto,Bueno,"Reviewed in the United States on July 21, 2023",True,5.0
B0BCDR9M33,I'm glad I waited for Raptor Lake because this chip is frequently outperforming the i7-12700k or is at least close enough to call it even. Upgrading from an i7-4770 to this chip has been insane. Highly recommend for gaming.,Great chip,"Reviewed in the United States on December 13, 2022",True,5.0
B0BCDR9M33,Upgrade my wife PC from an i5-8900k to help with WoW (didn't make a difference),Great cpu,"Reviewed in the United States on April 15, 2023",True,5.0
B0BCDR9M33,"Pairs VERY well with the 3080. No stuttering, fast speeds!",Fast reliable CPU,"Reviewed in the United States on May 6, 2023",True,5.0
B0BCDR9M33,Web pages load much faster.,Upgraded from i5 3570k,"Reviewed in the United States on June 3, 2023",True,5.0
B0BCDR9M33,"Whatever it is you want to acheive, 13th Gen Intel can do it.",13th Gen Intel can do it,"Reviewed in the United States on April 7, 2023",True,5.0
B0BCDR9M33,"Es increible y absurdo la cantidad de potencia de este procesador, en gaming va excelente, en desktop es excepcional y las temperaturas con air cooling no superan los 65C°, 100% seguro de que es una buena opción calidad precio.",Absurdamente potente.,"Reviewed in the United States on November 6, 2022",True,5.0
B0BCDR9M33,Great cpu for gaming and programming,Great cpu,"Reviewed in the United States on May 18, 2023",True,5.0
B0BCDR9M33,"i'd say don’t get this unless you want your CPU to die within a year, i didn’t even overclock too!, and it seems that within this year i got blue screens of death and my pc started crashing out of nowhere, tried all possible online fix's but they did not work, so i brought it to the shop and they took a couple weeks to figure out the problem, they told me everything works fine, and when they tested the CPU with a different one it worked and told me this is the first time in 3 years for him to find out that a CPU would turn out horrible from overclocking or just in general and i personally never overclocked my CPU, so trust this and go for a different one and make sure its actually legit. unless i can get another one for their mistake i wont be changing my mind.",DO NOT GET,"Reviewed in the United States on November 28, 2023",True,1.0
B0BCDR9M33,I am using this in my first PC build and it was pretty easy to install and seems like a really good value for the price-point.,Good CPU So Far,"Reviewed in the United States on December 27, 2022",True,5.0
B0BCDR9M33,Very good cpu. No problems. Could get warm with air cooler. Overkill cpu for my purposes.,can get warm,"Reviewed in the United States on February 16, 2023",True,5.0
B0BCDR9M33,Great cpu big upgrade from previous one,Great cpu big upgrade from previous one,"Reviewed in the United States on April 7, 2023",True,5.0
B0BCDR9M33,What a beast This processor is.. it runs hot! so invest on a good cooling system.,What a beast,"Reviewed in the United States on December 13, 2022",True,5.0
B0BCDR9M33,"Solid speeds,  good price . Stock was available and install was a breeze.",Great speeds.. good temps,"Reviewed in the United States on November 18, 2022",True,5.0
B0BCDR9M33,It's very hot in benchmarks. I recommend limiting TDP in the bios settings to 140-150.,Best for 2022,"Reviewed in the United States on December 2, 2022",True,5.0
B0BCDR9M33,Must buy good cooler for it. I have Noctua D14 and it's hardly enough.,"As fast as R7 7700X, but much lower platform price with DDR4","Reviewed in the United States on November 23, 2022",True,5.0
B0BCDR9M33,The i5 -13600K  provides the best performance in its price range.,Strong performance at an affordable price,"Reviewed in the United States on November 12, 2022",True,5.0
B0BCDR9M33,Fast AF,Fast,"Reviewed in the United States on February 14, 2023",True,5.0
B0BCDR9M33,"Si, sencillamente mamadísimo",MAMADISIMO,"Reviewed in the United States on January 28, 2023",True,5.0
B0BCDR9M33,Good  cpu,Performance,"Reviewed in the United States on January 9, 2023",True,5.0
B0BCDR9M33,"Ran great a for few days until I started getting consistent bsod errors. Load into windows and within mins, error, sometimes even before being able to enter the password to login. Tried some troubleshooting, even reinstalling windows, but it's too much of a hassle.",BSOD after less than a week,"Reviewed in the United States on July 12, 2023",True,2.0
B0BCDR9M33,"The box was opened, the i5 sticker was missing. The CPU had some of the heat sink gray goo on it.The description did NOT say USED or OPEN BOX.Then to add INSULT to INJURY I have to drop it off at a UPS Store 12 miles away!The price when up so now I get to eat that difference too for a mistake I didn't do.",It came USED.,"Reviewed in the United States on January 29, 2024",True,1.0
B0BCDR9M33,CPU crashed frequently on my Asus Strix ROG Z790. Still waiting for Amazon to finalize a refund for a defective item. Maybe these are better bought at a brick and mortar store.,Crashes frequently,"Reviewed in the United States on June 16, 2024",True,1.0
B0BCDR9M33,Product never worked after finally building system.Went to Best Buy. Bought another after troubleshooting for days. That one worked.Think I must have gotten someone’s return item.,Product never worked after installation,"Reviewed in the United States on March 16, 2024",True,1.0
B0BCDR9M33,I received this CPU and was so exited to finally finish the build and my computer didn't even turn on so I am going the AMD side.,Broken Cpu,"Reviewed in the United States on February 29, 2024",True,1.0
B0BCDR9M33,"The CPU is great, but Amazon's driver lost my CPU, and I can only refund, and cannot refund the original exchange rate, please be careful.Said to be serious about security and ended up losing my package, lol.",The CPU is great,"Reviewed in the United States on December 8, 2022",True,1.0
B0BCDR9M33,"In my opinion, the i5-*600K is the elite gaming processor. Enough cores for moderate multitasking and strong single threaded performance. The i7s and i9s are a diminishing return for your dollar (for gaming).",Elite Gaming Processor,"Reviewed in the United States on December 21, 2023",False,5.0
B0BCDR9M33,broken,broken,"Reviewed in the United States on December 7, 2023",True,1.0
B0BCDR9M33,"Buy a lot of amd never problems 3 times intel, 2 bad what a crap brand",Buy amd intel its crap second time i receive a burn cpu,"Reviewed in the United States on December 9, 2022",True,1.0
B0BCDR9M33,"Paired this CPU with my 4090, absolute beastly performance.  Cant recommend it enough.",Best gaming and performance CPU per dollar bar none.,"Reviewed in the United States on July 14, 2023",False,5.0
B0BCDR9M33,"Ran great a for few days until I started getting consistent bsod errors. Load into windows and within mins, error, sometimes even before being able to enter the password to login. Tried some troubleshooting, even reinstalling windows, but it's too much of a hassle.",BSOD after less than a week,"Reviewed in the United States on July 12, 2023",True,2.0
B0BCDR9M33,"The box was opened, the i5 sticker was missing. The CPU had some of the heat sink gray goo on it.The description did NOT say USED or OPEN BOX.Then to add INSULT to INJURY I have to drop it off at a UPS Store 12 miles away!The price when up so now I get to eat that difference too for a mistake I didn't do.",It came USED.,"Reviewed in the United States on January 29, 2024",True,1.0
B0BCDR9M33,CPU crashed frequently on my Asus Strix ROG Z790. Still waiting for Amazon to finalize a refund for a defective item. Maybe these are better bought at a brick and mortar store.,Crashes frequently,"Reviewed in the United States on June 16, 2024",True,1.0
B0BCDR9M33,Product never worked after finally building system.Went to Best Buy. Bought another after troubleshooting for days. That one worked.Think I must have gotten someone’s return item.,Product never worked after installation,"Reviewed in the United States on March 16, 2024",True,1.0
B0BCDR9M33,I received this CPU and was so exited to finally finish the build and my computer didn't even turn on so I am going the AMD side.,Broken Cpu,"Reviewed in the United States on February 29, 2024",True,1.0
B0BCDR9M33,"The CPU is great, but Amazon's driver lost my CPU, and I can only refund, and cannot refund the original exchange rate, please be careful.Said to be serious about security and ended up losing my package, lol.",The CPU is great,"Reviewed in the United States on December 8, 2022",True,1.0
B0BCDR9M33,"In my opinion, the i5-*600K is the elite gaming processor. Enough cores for moderate multitasking and strong single threaded performance. The i7s and i9s are a diminishing return for your dollar (for gaming).",Elite Gaming Processor,"Reviewed in the United States on December 21, 2023",False,5.0
B0BCDR9M33,broken,broken,"Reviewed in the United States on December 7, 2023",True,1.0
B0BCDR9M33,"Buy a lot of amd never problems 3 times intel, 2 bad what a crap brand",Buy amd intel its crap second time i receive a burn cpu,"Reviewed in the United States on December 9, 2022",True,1.0
B0BCDR9M33,"Paired this CPU with my 4090, absolute beastly performance.  Cant recommend it enough.",Best gaming and performance CPU per dollar bar none.,"Reviewed in the United States on July 14, 2023",False,5.0
B0BCDR9M33,"Ran great a for few days until I started getting consistent bsod errors. Load into windows and within mins, error, sometimes even before being able to enter the password to login. Tried some troubleshooting, even reinstalling windows, but it's too much of a hassle.",BSOD after less than a week,"Reviewed in the United States on July 12, 2023",True,2.0
B0BCDR9M33,"The box was opened, the i5 sticker was missing. The CPU had some of the heat sink gray goo on it.The description did NOT say USED or OPEN BOX.Then to add INSULT to INJURY I have to drop it off at a UPS Store 12 miles away!The price when up so now I get to eat that difference too for a mistake I didn't do.",It came USED.,"Reviewed in the United States on January 29, 2024",True,1.0
B0BCDR9M33,CPU crashed frequently on my Asus Strix ROG Z790. Still waiting for Amazon to finalize a refund for a defective item. Maybe these are better bought at a brick and mortar store.,Crashes frequently,"Reviewed in the United States on June 16, 2024",True,1.0
B0BCDR9M33,Product never worked after finally building system.Went to Best Buy. Bought another after troubleshooting for days. That one worked.Think I must have gotten someone’s return item.,Product never worked after installation,"Reviewed in the United States on March 16, 2024",True,1.0
B0BCDR9M33,I received this CPU and was so exited to finally finish the build and my computer didn't even turn on so I am going the AMD side.,Broken Cpu,"Reviewed in the United States on February 29, 2024",True,1.0
B0BCDR9M33,"The CPU is great, but Amazon's driver lost my CPU, and I can only refund, and cannot refund the original exchange rate, please be careful.Said to be serious about security and ended up losing my package, lol.",The CPU is great,"Reviewed in the United States on December 8, 2022",True,1.0
B0BCDR9M33,"In my opinion, the i5-*600K is the elite gaming processor. Enough cores for moderate multitasking and strong single threaded performance. The i7s and i9s are a diminishing return for your dollar (for gaming).",Elite Gaming Processor,"Reviewed in the United States on December 21, 2023",False,5.0
B0BCDR9M33,broken,broken,"Reviewed in the United States on December 7, 2023",True,1.0
B0BCDR9M33,"Buy a lot of amd never problems 3 times intel, 2 bad what a crap brand",Buy amd intel its crap second time i receive a burn cpu,"Reviewed in the United States on December 9, 2022",True,1.0
B0BCDR9M33,"Paired this CPU with my 4090, absolute beastly performance.  Cant recommend it enough.",Best gaming and performance CPU per dollar bar none.,"Reviewed in the United States on July 14, 2023",False,5.0
B0BCDR9M33,"Ran great a for few days until I started getting consistent bsod errors. Load into windows and within mins, error, sometimes even before being able to enter the password to login. Tried some troubleshooting, even reinstalling windows, but it's too much of a hassle.",BSOD after less than a week,"Reviewed in the United States on July 12, 2023",True,2.0
B0BCDR9M33,"The box was opened, the i5 sticker was missing. The CPU had some of the heat sink gray goo on it.The description did NOT say USED or OPEN BOX.Then to add INSULT to INJURY I have to drop it off at a UPS Store 12 miles away!The price when up so now I get to eat that difference too for a mistake I didn't do.",It came USED.,"Reviewed in the United States on January 29, 2024",True,1.0
B0BCDR9M33,CPU crashed frequently on my Asus Strix ROG Z790. Still waiting for Amazon to finalize a refund for a defective item. Maybe these are better bought at a brick and mortar store.,Crashes frequently,"Reviewed in the United States on June 16, 2024",True,1.0
B0BCDR9M33,Product never worked after finally building system.Went to Best Buy. Bought another after troubleshooting for days. That one worked.Think I must have gotten someone’s return item.,Product never worked after installation,"Reviewed in the United States on March 16, 2024",True,1.0
B0BCDR9M33,I received this CPU and was so exited to finally finish the build and my computer didn't even turn on so I am going the AMD side.,Broken Cpu,"Reviewed in the United States on February 29, 2024",True,1.0
B0BCDR9M33,"The CPU is great, but Amazon's driver lost my CPU, and I can only refund, and cannot refund the original exchange rate, please be careful.Said to be serious about security and ended up losing my package, lol.",The CPU is great,"Reviewed in the United States on December 8, 2022",True,1.0
B0BCDR9M33,"In my opinion, the i5-*600K is the elite gaming processor. Enough cores for moderate multitasking and strong single threaded performance. The i7s and i9s are a diminishing return for your dollar (for gaming).",Elite Gaming Processor,"Reviewed in the United States on December 21, 2023",False,5.0
B0BCDR9M33,broken,broken,"Reviewed in the United States on December 7, 2023",True,1.0
B0BCDR9M33,"Buy a lot of amd never problems 3 times intel, 2 bad what a crap brand",Buy amd intel its crap second time i receive a burn cpu,"Reviewed in the United States on December 9, 2022",True,1.0
B0BCDR9M33,"Paired this CPU with my 4090, absolute beastly performance.  Cant recommend it enough.",Best gaming and performance CPU per dollar bar none.,"Reviewed in the United States on July 14, 2023",False,5.0