asin,text,title,location_and_date,verified,rating
B09FXNVDBJ,"I upgraded to this CPU after some HEAVY research, asking Reddit (Both Intel and AMD subreddits), weighing in money VS performance gained. I have used AMD since I was a teen and started building computers. The conclusion is this: It is an amazing CPU, runs faster and cooler than my Ryzen 7 1700. The price AND performance VS AMD (Also including a board) was better than if I had went with a Ryzen 7 5800X.Some background information: I wanted to upgrade after receiving an Amazon gift card (I have never ordered computer parts from Amazon though). I upgraded from a Ryzen 7 1700, with an ASUS x370-f board. I really wanted to upgrade, and was sad also that Windows 11 did not support my CPU! I will give it to Microsoft for this, as it made A LOT of people upgrade their entire computers, all for basically the same OS as of now with newer looks, and not much done under the hood (EXCEPT for 12th gen Intel, so good news there too). Sadly, my old board STILL doesn't support the Ryzen 7 5000 series, and only the 3000 series (They are working on a BIOS apparently for the 5000 series, because of people who were in my shoes). I first almost ordered the Ryzen 7 3800XT, for $400! After a couple hours of research, asking, and thinking about it... I cancelled that order (Thankfully) and thought ""Well, if I am going to spend this much on upgrading my CPU, I might as well go all in/spend a little more for something better, as this may be my last big upgrade in this regard for awhile."" I was then going to get the Ryzen 7 5800X with an Asus board. There lied a problem of price, I could not find a board AND get that CPU still within my budget (At-least not a board that wasn't worse than the one I had in ways). I mentioned I had posted on the AMD subreddit, and even they suggested I go Intel (Intel is just killing it as of now, hands down, although I am sure AMD will retaliate). I ended up getting the MSI Z690-A DDR4 (I wish I had the money for DDR5 RAM, I would have went with the DDR5 version as it was basically the same price). I had A LOT of second thoughts on this board though, as it just didn't seem ""Premium"" as the one I had (I am going to do a whole review on it after this. I'll save my Pros & Cons for there.) This CPU also auto-clocks itself up or down depending on the load (Saw it clock down to 1GHz, although not for long, for example if not much processing power is warranted, which makes sense and I wish everything did). So if idling, it will clock down and save power/heat/and therefore longevity is increased. I absolutely love this CPU coming from AMD. Anyways...If you have a Corsair H100I RGB Platinum or similar cooler already: The included 1200 screws work just fine with the 1700 socket and this CPU, even though you are supposed to get the 1700 kit/screws for this CPU (Which I did, but they are taking FOREVER to ship, so I googled, and someone said using the 1200 screws will work just fine). I get better temps. than my Ryzen 7 1700. I can even overclock EVEN MORE but have no need, and no point.TL:DRUpgraded from: Ryzen 7 1700, Asus Rog Strix x370-f gaming.Upgraded to: i7-12700K, MSI Z690-A DDR4.Parts kept: 4x8GB 32GB DDR4 CL16 3000MHz RAM (With XMP, D.O.C.P), RTX 2070. The RAM works great with this CPU as well, although it TECHNICALLY (Latency wise, runs at 2T on Intel instead of 1T on AMD) runs slower than when on AMD (AMD's infinity fabric) but obviously whatever Intel is doing makes up for that, and therefore my RAM either runs faster/the same)Pros: It is an amazing CPU for price VS performance. The i5-12600K is good as well (I almost just went with it), and you would be fine going with it for gaming (As even it still has more cores technically than the Ryzen 7 5800X, it also beats the 5800X even though THIS CPU is supposed to be its comparison rival brother.) This CPU has cool temps on my Corsair H100I RGB Platinum cooler, and the P&E core structure are REALLY cool and fun to watch when doing tasks/gaming. It shipped fast!Cons: Literally none with the CPU itself. Just with shipping - It shipped really fast! Was here in 2-3 days after purchasing on here. The biggest complaint I have is Amazon's shipping (SO BE AWARE OF THIS) I have never ordered computer parts from Amazon, and have always used New-egg. They just left the CPU in my mail-box, and if it weren't for me looking at my camera's, and looking out for this part, it would have sat in the mail-box all day. My mail-box sadly is not very weather proof as well, and if it had been raining... It wouldn't have been good. Although it did come in a big box around it. The CPU also was jarred loose and flopping around in the box (Not held into the front window).I hope this review helps people!",The best CPU I've owned so far. Rivaling even the 5900X! Intel is killing the game as of now.,"Reviewed in the United States on February 25, 2022",True,5.0
B09FXNVDBJ,This cpu is very powerful and can run games (when paired with a good graphics card) up to 300+ FPS without any problems or stutters. Make sure that you keep it cooled with a good cooler as well. It is also a great price for the product you are getting.,Powerful + Budget Friendly CPU,"Reviewed in the United States on June 26, 2024",True,5.0
B09FXNVDBJ,"Great CPU, put it in a new personal gaming rig and it hits 5.3ghz out of the box no tweaking and runs stable as can be. Very happy.",Great CPU,"Reviewed in the United States on June 12, 2024",True,5.0
B09FXNVDBJ,"The Intel Core i7-12700K has significantly enhanced my gaming and productivity experience. This processor combines raw power with excellent integrated graphics, making it an ideal choice for both gamers and professionals.",10/10 Recommend,"Reviewed in the United States on June 28, 2024",True,5.0
B09FXNVDBJ,"This is my first intel build coming from past AMD builds (Ryzen, FX, Athlon, Phenom). I am nowhere near a hardware engineer level to distinguish or feel the differences in performances but for the average gamer and turning on this CPU with instructions followed, this chip is very well to be worth it and confident to be future proof until at least 2026. I overclocked this via the motherboard/bios settings and it stays cool with a $30 fan cooler. (don't get a super cheap or small cpu cooler otherwise would risk overheating) Just follow installation instructions carefully the chip is delicate. windows experience rating is a 9.7 so that says it all. If you have the extra 50-60$ go with the i9 i should have done that. AMD seems to be all the hype but I see why Intel won't be going away anytime soon this is a solid chip.","stable, fast, and smooth.","Reviewed in the United States on January 24, 2024",True,5.0
B09FXNVDBJ,Got it as an upgrade over my old 8700k and this is a huge upgrade. I do recommend installing a contact frame such as the thermalright for this CPU,Great cpu for gaming and productivity,"Reviewed in the United States on May 17, 2024",True,5.0
B09FXNVDBJ,"Just be sure to match up the chip correctly on the socket (one corner has a triangle cutout)Easy to install.Runs smooth and is not a power hog or a supernova in terms of heat.Even at load, it performs well.Perfect for gaming, no issues in keeping up with GPU.",Solid I7 Chip,"Reviewed in the United States on January 9, 2024",True,5.0
B09FXNVDBJ,"Para mí el mejor de las última tres generaciones de Intel, un TDP decente, no eh tenido problemas de temperaturas ni ningún problema , lo recomiendo.",i7 12700k,"Reviewed in the United States on June 4, 2024",True,5.0
B09FXNVDBJ,"I like the integrated graphics as I'm not using it for high-end gaming. I was disappointment to find it didn't come with a cooler. I've been spoiled by AMD. Also it was difficult to fit it into the socket to the point that I was worried about damaging it. Things worked out in the end and I have no complaints about its operation now. Three months in, no problems.","OK, BUT...","Reviewed in the United States on June 24, 2024",True,4.0
B09FXNVDBJ,"runs Microsoft Flight simulator on multiple 32"" screens beautifully.",Microsoft Flight Simulator,"Reviewed in the United States on May 13, 2024",True,5.0
B09FXNVDBJ,I heard good things about this cpu and went for it. Budget friendly and a very good cpu!,Intel i7-12700k,"Reviewed in the United States on April 10, 2024",True,5.0
B09FXNVDBJ,Great product/Brand Intel i7 CPU. I have been using the Intel brand CPU's and have been using the i7 and the K series since they were introduced. This seems to handle video processing and CAD/CAM projects quite well. I have always had great luck with Intel brand processors and will continue using them. Pretty good value for the cost.,Great product/Brand Intel i7 CPU,"Reviewed in the United States on February 17, 2024",True,5.0
B09FXNVDBJ,"I upgraded from the i7 6700k to the i3 13100 and saw a great performance increase. I was eager to test ddr5. However,  I also wanted to experiment with 6+ core processors. Fortunately I found this i7 12700k when the price dropped to 275. I wasn't sure if it would be a big increase from the i3 and the i7 6700k. But the i7 12700k is a ferocious beast that has crushed all tasks I've given it and brought immesnse life back to my RTX 2060 super and it stays cools & fluent.Z790 auros elite axI7 12700k overclocked pcores 5.2 ghz ecores 4.0 ghz 50-65°C during multi intensive tasks and games for long periods of timeRTX 2060 super 8bg ddr6Corsair vengeance 6000mhz ddr5Cyberpunk 60-65 fps 1080 ultra+psycho with medium ray tracing with a low of 59Starfield 30- 40 1080p fps high settings the devs need to optimize thoughHorizon zero Dawn 80-85 fps 1080 ultraShreds through video editing and music editing all at onceAmazing at multitaskingPowerfulFastCan be placed in ddr4 mobos and ddr5 mobos","Fast, great performance, smooth multitasking","Reviewed in the United States on September 22, 2023",True,5.0
B09FXNVDBJ,"Compared to the Coffee Lake generation I had been (willingly) stuck on for 4 years this is a massive leap. Before buying I was a bit skeptical since I'm not a fan of Intel's newer way of handling cores, but the first thing I tried when I got it was emulating PS3 games and right off the bat I saw compile times cut tenfold and stability at least doubled.The older CPUs from the 8th, 9th, and 10th gen are perfectly usable for most people so if you're on a budget maybe look on the used market for those. But if you really need something powerful this is a good option.",Awesome upgrade and great value,"Reviewed in the United States on December 4, 2023",True,5.0
B09FXNVDBJ,"This item has been with me for a very short time.So I recently decided to upgrade my gaming rig, and after extensive research, I made the bold choice to order the Intel Core i7-12700K Gaming Desktop Processor with Integrated Graphics and 12 Cores. Let me tell you, this processor is the absolute best! With its 12 cores, it brings a whole new level of performance to my gaming experience. Whether I'm playing graphically demanding AAA titles or indulging in intense multitasking, this processor effortlessly handles it all. And what's even better is that it comes with integrated graphics, meaning I didn't have to shell out extra cash for a separate graphics card, yet. The integrated Graphics offer the flexibility of running dual displays smoothly without any hiccups. Plus, with Intel's reputation for reliable and high-quality products, I know I can trust the i7-12700K to last me for years to come.I hope you find this review helpful.","Run dual displays smoothly without any hiccups, here are my notes…","Reviewed in the United States on August 5, 2023",True,4.0
B09FXNVDBJ,"The morning after building and setting up windows, drivers, etc. The PC had blue screened because of temperatures, and after a reset and entering the BIOS I saw that the temperature was 89 degrees celsius. Thankfully, after some trial and error I was able to undervolt it and not have my CPU die. I'd suggest anyone who looks into getting an intel CPU to undervolt it!",Undervolt your intel CPU!,"Reviewed in the United States on December 2, 2023",True,4.0
B09FXNVDBJ,Perfect,Perfect,"Reviewed in the United States on April 9, 2024",True,5.0
B09FXNVDBJ,Huge upgrade from 8th gen i5! paired it with the ASRock Z690 and 32g DDR4,Huge upgrade from 8th gen i5,"Reviewed in the United States on March 15, 2024",True,5.0
B09FXNVDBJ,"At this time in the product life cycle, the 12th gen CPU is about half the cost of the 14th gen CPU.  It is more than fast enough for everything I do.  My major reason for upgrading was my old motherboard did not have TPM 2.0.  The CPU was easy to install, it is running between 36-37 degrees Celsius (though I admit I am not stressing it).  I am very happy with my purchase.",No problems!,"Reviewed in the United States on December 10, 2023",True,5.0
B09FXNVDBJ,Recibí el producto con la prontitud del caso. Llego sellado y en una caja con otro producto. El funcionamiento es bueno y no se suele calentar mucho con un buen sistema de refrigeración por aire.,Procesador para todos los usos,"Reviewed in the United States on February 5, 2024",True,5.0
B09FXNVDBJ,"A great performance, cheap enough for the performance it gives. I got this for 210$ on BF. Recommend!","Good performance, cheap price","Reviewed in the United States on March 3, 2024",True,5.0
B09FXNVDBJ,Usado no trabalho.,Ótimo produto.,"Reviewed in the United States on March 19, 2024",True,5.0
B09FXNVDBJ,"This is a very good product, and there are no issues with its features and performance. The usage process is also very smooth, and there hasn't been any overheating so far.",A good product is worth recommending.,"Reviewed in the United States on January 30, 2024",True,5.0
B09FXNVDBJ,This appears to be the best option for intel at this price range. Works as advertised.,Great price to preformance curve.,"Reviewed in the United States on February 25, 2024",True,5.0
B09FXNVDBJ,It's a top-of-the-line CPU that will last for a long time. There's nothing to dislike about it.it replaced a 12 year 3770K!,top notch CPU,"Reviewed in the United States on February 2, 2024",True,5.0
B09FXNVDBJ,"我特價時購買的，使用上沒有任何的問題，物超所值。I purchased it at a special price, and I haven't encountered any issues in terms of usage. It offers great value for the money.",Intel Core i7-12700K Comment,"Reviewed in the United States on January 29, 2024",True,5.0
B09FXNVDBJ,If you're looking for an Intel cpu I would recommend this even though it is a couple years old now I belive its still the best intel cpu for gaming,Great for the price,"Reviewed in the United States on January 16, 2024",True,5.0
B09FXNVDBJ,"Went from a 9400f to this was a big different on gaming, i finally get the fully potencial of my gpu",Good value,"Reviewed in the United States on January 24, 2024",True,5.0
B09FXNVDBJ,"Wow what an incredible black Friday deal. Seriously, $211 is well worth it for the performance. I also purchased the 12600k for $153 which is another unbeatable deal offered this year at amazon. If you managed to get your hands on either one of you made the right choice.",AMAZING VALUE!,"Reviewed in the United States on December 1, 2023",True,5.0
B09FXNVDBJ,"Great cpu, would buy again.",The genuine article,"Reviewed in the United States on February 19, 2024",True,5.0
B09FXNVDBJ,Excelente,Todo bien,"Reviewed in the United States on March 2, 2024",True,5.0
B09FXNVDBJ,"The media could not be loaded.Ya vere como se comporta cuando haga mi ensamble",Llego en buen estado la caja y demas,"Reviewed in the United States on February 25, 2024",True,5.0
B09FXNVDBJ,This is a second purchase of core i7 12700. It works very well as expected.,As Good as Specified!,"Reviewed in the United States on January 18, 2024",True,5.0
B09FXNVDBJ,"So far so good, but then that's what I said about the last one...  I'll check back in a year on this and hope it outlasts my prior CPU.As for the last one... it's Intel dropping the ball with their QC it seems.  Had an IMC function poorly and finally give up the ghost and refuse to post with more than one memory module installed.  Couldn't run any XMP profiles, and swapping the processor solved it (not a Mobo issue).Just watch for funky behavior when you buy this gen, and return it if *anything* seems even *remotely* off.",Prior 12700k took a crap on under a year,"Reviewed in the United States on July 21, 2023",True,5.0
B09FXNVDBJ,"for my limited budget, I bought it, While the 12700K isn't the top of the line, at least for me, it was more affordable and very performant. I've had good success overclocking it and actually undervolting  it to reduce temperatures!",A good sweet spot for an over clocker,"Reviewed in the United States on November 30, 2023",True,5.0
B09FXNVDBJ,"The heart of my PC build and wanted to have the ""K"" version with the Integrated Graphics... even though I was going to have a GPU anyways, it's a good backup if the GPU fails.Can't do a Pro and Con here as there is nothing much to report.It plays every game without bottlenecking my RTX 3070 and was a breeze to install (there is literally one way to install it. <You'd have to intentionally or forcibly install it wrong).Also, it runs surprisingly cool and doesn't act like an easy-bake oven in my Motherboard.",It was Surprisingly Simple to Install.,"Reviewed in the United States on July 25, 2023",True,5.0
B09FXNVDBJ,"Great CPU for multitasking, I don't know too much about CPU but this is great!",After 1 year is working perfectly,"Reviewed in the United States on January 5, 2024",True,5.0
B09FXNVDBJ,"I've installed a 10th gen 2x, 12th gen, and a 13th gen on my family's pc's. I've never had a problem.",Intel has never let me down.,"Reviewed in the United States on December 28, 2023",True,5.0
B09FXNVDBJ,"Not much to say about this cpu. It's Intel, and these are immortal. Still have the 3770K I got like 10 years ago, and an Extreme I got even earlier than that.So the main motive here is to let Amazon know that I HAVE received the item, but I don't know how to let them know so they can change the ""package left at mail"" to ""Already received""...",Good overall,"Reviewed in the United States on July 16, 2023",True,4.0
B09FXNVDBJ,"Bought this K to have graphics backup. The CPU is great the graphics not so much. Still I do not use the internal graphics as primary graphics for my PC, but only for the purpose of having temporary backup when needed. So for that purpose it works. The cost vs the KF is fairly negligible so for its primary purpose it is a very good CPU.","Fast and powerful, graphics not great","Reviewed in the United States on June 26, 2023",True,4.0
B09FXNVDBJ,"The i7-12700K is in the top 5 for gaming CPUs right now. AMD is doing fairly well as of late but Intel has a solid performance lead with it's single core performance on newer generation chips.If you're on the fence and want a quick top 5 for overall gaming performance, it goes as follows:1. i9-13900k2. i7-13700k3. i9-12900k4. i5-13600k5. i7-12700kThis chip is no slouch though, it trades blows with the 13600K in some situations if overclocked but overclocking isn't really fair for comparison.In conclusion, if you're looking around this price point, check both this CPU and the 13600k. Pick whichever is cheaper. Higher end 12th gen Intel motherboards can be flashed in the BiOS to take 13th gen CPUs too, but do your research on those before going that route. This one will serve you well. :)",Watch the price on this one,"Reviewed in the United States on January 2, 2023",True,5.0
B09FXNVDBJ,"I got the CPU on sale and I would say the performance is great, my application is running smoothly and does not come into any problem for a year now.",Good CPU performance,"Reviewed in the United States on November 22, 2023",True,5.0
B09FXNVDBJ,"this thing is a workhorse! ive got mine clocked to 5.0GHz and it runs like a dream, keep in mind this unit will require a water pump air coolers are not enough!",so good,"Reviewed in the United States on November 16, 2023",True,5.0
B09FXNVDBJ,"It's been roughly 6-7 years since I last build my gaming computer. Upgrading to this has been more than significant. As of this writing, I hope you've done your research the I7-12700k's price point and its competition. For this price point, it may be the top dog.Some things to consider before purchasing:1) Make sure you are purchasing a LGA 1700 motherboard. I went with the DDR4 motherboard because DDR5 is still at its infancy. The DDR5 ram may not be the best option for your buck right now. You'll be fine with DDR4.2) This CPU does consume a lot more power compared to its predecessor. Double check if your PSU will be enough. There are online resources that will help you calculate your PSU. It's always good to have a little overhead.3) Make sure your heatsink has retrofit screws that's compatible with this motherboard. You can purchase them separately. If you have a heatsink that's very old (<2016), it's more than likely it may not be compatible.Good luck!",Works Great!,"Reviewed in the United States on February 15, 2022",True,5.0
B09FXNVDBJ,"Bought this for a new personal PC. My last was an i7 4790K build that got totaled out (crushed) during shipping. After building a new one on a z790i platform, the performance gain was stunning, completely night and day! I cannot say enough about this CPU, and would totally recommend this product!!",Great CPU,"Reviewed in the United States on September 22, 2023",True,5.0
B09FXNVDBJ,"I had been planning to hold off for Raptor Lake, but my Z370 mobo died, and I decided to go ahead and get an Alder Lake i7.  So far it's impressive.  It runs much cooler than my i9-9900k (mild OC) ( 59C-63C under a gaming load vs 75C+) but that could've been due to the my old AIO being in it's death throws for the past few months.  3DMark CPU score went up noticeably as well.  Overall, I'm pretty happy with it.  Haven't messed around with overclocking yet, but there doesn't seem to be as much headroom left as there used to be,  from what I've read 5.3 Ghz is about what you can expect.  The days of getting another 800Mhz - 1 Ghz+  over stock clocks out of a CPU are gone it seems.",A better deal for most people vs. the i9,"Reviewed in the United States on August 4, 2022",True,5.0
B09FXNVDBJ,"Bought this for my new upgraded setup, I decided to pick this processor to replace my old i7 4790K, although it was still running strong after many years it was starting to show signs of aging so I completely went from 4th gen to 12th gen, performance in gaming and business apps is really noticeable.",Best purchase I've made in years,"Reviewed in the United States on July 20, 2023",True,5.0
B09FXNVDBJ,"Recibí el procesador con el sello de seguridad roto, hasta ahora todo funciona correctamente pero no me agradó que esto estuviera así",Caja con sello de seguridad roto,"Reviewed in the United States on August 5, 2023",True,4.0
B09FXNVDBJ,"Paired it with an ASUS MOBO and a Lian Li 360mm AIO.Runs cool, no performance issues, and no bottlenecks for the gaming i use it for.",Legit,"Reviewed in the United States on September 24, 2023",True,5.0
B09FXNVDBJ,I bought this for my 13 year old son for a PC gaming buildWhen this is on sale for 219.99 its a immediate buy!Such great performance for the price - It's out performing my i-9Buy it you wont be sorry!,Such a good buy on sale!,"Reviewed in the United States on July 26, 2023",True,5.0
B09FXNVDBJ,Great product,Great product,"Reviewed in the United States on December 9, 2023",True,5.0
B09FXNVDBJ,"Yo trabajo con edición y producción audiovisual, ha mejorado mucho el rendimiento de la PC, sin duda su velocidad base es una gran ventaja, no utilizo OC porque creo que a día de hoy no hay mucho beneficio y perfectamente con la velocidad base puede con las tareas multitasking con programas pesados.Muy buen procesador y definitivamente mejora la experiencia con los juegos, juego ocasionalmente titulos como: Battlefield, Valorant, Star Wars Battlefront, etc y no baja de 75fps a 1080p.",Excelente rendimiento y buen upgrade,"Reviewed in the United States on April 19, 2023",True,5.0
B09FXNVDBJ,Because the 12-th CPU was cheap I decided to buy a 12700K. It's awesome.,Great CPU!,"Reviewed in the United States on October 19, 2023",True,5.0
B09FXNVDBJ,"I've had this overclocked at 5.0 GHz for a couple weeks now and it hasn't skipped a beat. I bought an MSI Z690 MPG Edge Motherboard to pair with this beast of a chip. Keep in mind, it does NOT come with a cooler so make sure you have a reputable thermal paste and a solid cooler to pair with this. I have a pre-filled watercooler (Corsair Hydro Series H115i Pro) which is giving me temps idle as low as 19°C (not joking, look at the picture). Under full load, I have yet to hit over 50°C even gaming at 1440p (2k resolution). If I'm being quite honest, this CPU is overkill for gaming. If you have the extra money, go for it. If not, a i5-12600k will be just as powerful for less money.",Ridiculously fast,"Reviewed in the United States on January 15, 2022",True,5.0
B09FXNVDBJ,"This 12th Gen Unlocked CPU is amazing for a Gamer PC Build compared to the Ryzen 5000 Series. The new LGA 1700 boards have an added benefit compared to the aging AM4 boards. This CPU support PCIe 5.0 and DDR4 or DDR5 RAM. I like how efficient Intel designed it because the P cores are optimized for gaming while the efficient E cores deal with the background tasks. Make sure to buy a good AIO cooler because the CPU will run hot when there is lots of load! Please note a new Intel CPU will come with its Intel factory seal outside the box. Moreover, I ran the CPU under 6% when running Minecraft with raytracing.",Blue Innovation,"Reviewed in the United States on May 22, 2022",True,5.0
B09FXNVDBJ,Cpu works great. Performance is unreal. Only complaint isn’t with the cpu itself but with delivery. Only reason for 4 stars is Packaging was TERRIBLE! Box was smooshed so bad I’m surprised it actually works,Great performance,"Reviewed in the United States on April 7, 2023",True,4.0
B09FXNVDBJ,I've bounced over years from AMD to INTEL and at one point settled back to INTEL.  I typically go for the i7 processors to get more life out of my systems (rather than i3 or i5 processors).  I have gotten many more years than thought out of systems and still show good usability even after 6 years.  The processor installs easily provided you have some knowledge in building computers.  No blue screening to report used with ASUS Z690M-Plus motherboard and G.SKILL memory.,intel still proves to be a realible brand,"Reviewed in the United States on December 24, 2022",True,5.0
B09FXNVDBJ,"the CPU works great and is super fast.  i didn't really want to pay for the latest and greatest, mainly because i have found that a 10% increase can add 50% to the price of the CPU.  one thing to watch out for, there is no cooling fan in this package, so you have to buy one.  you can get the CPU with a fan, but it's a different part number.  personally, even though it cost more to buy the fan separately, i believe the Noctua cooler i got will work much better than anything Intel provides.",works great,"Reviewed in the United States on September 1, 2022",True,5.0
B09FXNVDBJ,"My last PC CPU was an intel 9700k and while gaming-wise the performance doesn't seem much higher. I obviously get a few more FPS, but it has not been so noticeable. I wouldn't be able to tell the difference on a blind test. However, this CPU is just amazing for every other task and overall I am happy with it.Paired with the Asus B660-I Gaming board and 32gb of DDR5 5200mhz RAM and I'm truly satisfied with my rig performance so far. There are no hiccups or anything else really holding the PC from absolutely crushing anything I throw at it.",Awesome CPU,"Reviewed in the United States on July 20, 2022",True,5.0
B09FXNVDBJ,a brand new one has arrived everything is working well,12700k,"Reviewed in the United States on October 2, 2023",True,5.0
B09FXNVDBJ,"I was deciding between i7-12700k and the i5-13600k.Nearly identical performance on all benchmarks.There is a very slight edge to the i5-13600k in gaming performance.But, the i7-12700k runs a bit cooler and uses less load in gaming, saving you electricity.The i7-12700k is also faster in Photoshop.Overall, they are very similar in performance, but, since the i7-12700k is a bit less expensive, it offered a better value.But, you can't go wrong with either one.",i7-12700K vs i5-13600K,"Reviewed in the United States on January 17, 2023",True,5.0
B09FXNVDBJ,"My three cents:After reading reviews of the I9-12900k, this seems like a better choice to me regardless of price. I am seeing very little difference in single threaded benchmarks, and maybe 15-18% faster multi threaded performance on the I9-12900k. But that comes at the price of using a lot more power and hitting over 90 degrees Celsius in some cases on temperatures when stress testing. While I don't normally overclock my system, I bet you could likely hit those performance numbers with an overclock on the 12700K if you really wanted to.",Solid CPU that is stable,"Reviewed in the United States on June 27, 2022",True,5.0
B09FXNVDBJ,"Many people can argue AMD this or AMD that, or Intel i9, but if you're wanting something to start off at the high-end level, I would highly recommend this CPU. Granted, you should get a good CPU cooler or a decent liquid cooler that will keep the CPU cold. Other than that, this offers great performance despite the cost.",Best CPU thus far,"Reviewed in the United States on March 7, 2023",True,5.0
B09FXNVDBJ,"Lost the silicon lottery. My CPU doesn't clock as high as advertised out of the box. Requires very extreme over lock settings to achieve 5 ghz.Edit: Changed my cooler from deepcool 360ex to deepcool ls520, huge improvement. 5.2Ghz on 2 favourite cores and 5.0Ghz all core on an extended 3d rendering workload with highest temps btwn 85-94C.",Luck of the draw,"Reviewed in the United States on March 18, 2023",True,5.0
B09FXNVDBJ,"Came in perfect condition, snapped right into place, and worked on first boot. Haven't had the need to push it to its limit so far, but even with a whole bunch of stuff running, it gives me absolutely no trouble, so I'm sure it'll be fine for a long while.",Good CPU,"Reviewed in the United States on March 27, 2023",True,5.0
B09FXNVDBJ,Not that tech savvy with computer parts but this definitely is a powerful component to my build. Happy I purchased on sale.,Powerful,"Reviewed in the United States on July 16, 2023",True,5.0
B09FXNVDBJ,Narrowed down a problem to this GPU. Everything else was replaced trying to figure out a boot issue and once I swapped to a different GPU it fired right up. Too bad now I'm outside of the return window since it took about a month to figure out. I'll have to go through the warranty process with Intel now.,Good while it lasted,"Reviewed in the United States on August 11, 2023",True,3.0
B09FXNVDBJ,I produce music and visuals as my main PC usage and I have been super happy with the performance of this CPU. Given some high performance nvme you will not be disappointed.I wouldn't go above this particular model in terms of performance unless you had some unusually serious processing needs. Odds are you would be better spending that money on a better GPU.,Perfect CPU,"Reviewed in the United States on December 13, 2022",True,5.0
B09FXNVDBJ,Got a bad one.  Worked like crazy trying to figure out the issue and on board video was working some but not always.  Sent it back and got another that works amazing. Water coolers don't have the correct spacer for this chip but I checked the website and got one for under 10.  So factor that into your water cooling cost.,Got unlucky first chip,"Reviewed in the United States on October 8, 2022",True,4.0
B09FXNVDBJ,Works great with my 4070. No complaints here other than it could be cheaper.,Great CPU,"Reviewed in the United States on July 28, 2023",True,5.0
B09FXNVDBJ,Great CPU so far. Only limiting this CPU at the moment is the early versions of Z690 motherboard software that might not be overclocking at optimal levels (using auto overclock). Make sure you have a good CPU cooler or a cooler designed for the LGA 1700. Currently the Gigabyte settings for overclocking (bios or windows app) is pushing the CPU above spec and will cause throttling. I am using a Corsair H150i Elite CAPELLIX 360mm.Amazon delivery was late even with paying for the express option at check out,Great CPU for gaming and multitasking,"Reviewed in the United States on January 18, 2022",True,4.0
B09FXNVDBJ,"I need a new PC mainly to process photos. I was considering AMD Ryzen 7 5800X when I read the benchmark for Intel's 12th generation CPUs are better than the 5800X running Adobe software.  But it has a bad reputation for hogging power.  The attached screen shot shows that power consumption slightly exceed the TDP of 125W during Lightroom batch export.  But to my surprise, once the export is finished, power consumption is very low, even less than my AMD 4800H based laptop.  Background processing uses the more efficient E-cores.",Surprisingly efficient due to mix of large/small cores,"Reviewed in the United States on January 15, 2022",True,5.0
B09FXNVDBJ,"Just got this installed and running with ddr5 dual channel kingston 5600 64gb ram with xmp on a z660i asus board and no instabilities or random shutoffs. Booted first try with no problems, though it took a couple seconds longer to boot when I enabled xmp but went back to normal after that first boot. I will wait a couple months and do a follow up if anything happens but so far its good.",No issues,"Reviewed in the United States on May 11, 2022",True,5.0
B09FXNVDBJ,"Believe it or not, but under that huge cooler is the Intel Core i7-12700K processor.  While I intend to later upgrade to discrete graphics, initially I am using the GPU that is internal to the processor.  It was satisfying when  I threw the switch the first time and everything just worked.  The GPU was powerful enough to run some virtual world software that I use at a good frame rate.  I believe I made the right choice in this processor.",Worked with ASUS Strix motherboard,"Reviewed in the United States on December 3, 2021",True,5.0
B09FXNVDBJ,"Coming from 10400Fdidnt think will get such gainreally amazing 100% CPU, 98% ram[32gb] and PC still running smootheSport games will works without problem, with backgrounds programsif u are running one app each time skip thisif not and pc is the main part of ur work, u might want to consider thisespecially in this time of competition and price are droppingZen4 might be winner for year or 2 before Intel come back",Coming from 10400F,"Reviewed in the United States on May 4, 2022",True,5.0
B09FXNVDBJ,"So far, this is working great.  Just be aware that it does not come with a cpu cooler.  Also, not all software supports its GPU or can make good use of all of the performance/efficiency cores.  That is not a complaint about the chip.  Just make sure that your software/use/need can utilize all that this chip can offer.",No complaints,"Reviewed in the United States on September 14, 2022",True,5.0
B09FXNVDBJ,"Ridiculously easy to overclock and runs stable. AMD processors in the past, I've had to fumble with the settings for a long time till I got it right. With this CPU, everything just worked and no additional configuration required. I paired this with the Asus TUF Gaming Z-690 Plus Wifi D4 motherboard and they pair nicely. I picked this board cause of the DDR4 support and it runs perfectly. Only complaint I have is that it uses a lot of power.",Absolute monster,"Reviewed in the United States on March 26, 2022",True,5.0
B09FXNVDBJ,"Upgraded from an i5-7500. Have been considering whether should go for AMD or Intel for this upgrade and finally decided to give an Intel a try after reading the positive reviews of the Alder Lake.The installation is smooth and the CPU is stable and fast, at least doubles the speed of the old i5-7500. Heat is not a problem at all, always below 40C.Only complaint is it does not come up with a cooler like AMD and you have to pay for another one.",Intel has made it!,"Reviewed in the United States on December 30, 2021",True,5.0
B09FXNVDBJ,Runs faster than a first gen threadripper and it has integrated graphics which helped with troubleshooting on my build. Overall quality gaming experience on 1440p with dedicated graphics. And might handle minecraft without one and no mods at 1080p.,It's a cpu,"Reviewed in the United States on March 7, 2023",True,5.0
B09FXNVDBJ,Excelent product!!!!!,Thank !!!!,"Reviewed in the United States on August 30, 2023",True,5.0
B09FXNVDBJ,"Works fine, no questions",Great,"Reviewed in the United States on August 16, 2023",True,5.0
B09FXNVDBJ,"Fast smooth and runs cool with DeepCool AS500 PLUS  at stock without any problem, very pleased with this processor.*My complaint is with packaging, no padding or protection a all!!! i talked to amazon associate before it was shipped to do something about packaging because all my last orders came without any protection and sadly this 400$ cpu didn't come with any protection at all.*","Nice cpu, bad packaging","Reviewed in the United States on March 20, 2022",True,5.0
B09FXNVDBJ,I use this processor for gaming. Good performance and easy to install. Shipped and delivered fasted than expected. Thumbs up.,Shipped and delivered quickly.,"Reviewed in the United States on May 16, 2023",True,5.0
B09FXNVDBJ,"I’m not a super huge pc user so maybe look at other reviews and articles. But that being said, this CPU works great. Was easy to install. And has no problems handling anything I throw at it. I wish I could’ve gotten it on sale for $100 off but at the time I got it at MSRP.","Great CPU, handles  whatever I throw at it","Reviewed in the United States on August 24, 2022",True,5.0
B09FXNVDBJ,Yes this will be future proof I highly recommend super fast great for gaming and workloads the threads on this CPU will have Ryzen running for their money,Best processor I've bought in years,"Reviewed in the United States on April 5, 2023",True,5.0
B09FXNVDBJ,"I am an enthusiastic computer tech person that wanted to build my own game desktop, and after reading and search in the web I ended up buying this processor instead of I9 (12700) since my only purpose for this desktop will be gaming. I really recommend this product.",best alternative for a game processor,"Reviewed in the United States on November 7, 2022",True,5.0
B09FXNVDBJ,This cpu runs kinda hot but paired with a decent thermal paste and a Corsair aio. Seems to keep it running cool 😎!,This baby runs hot!,"Reviewed in the United States on April 10, 2023",True,5.0
B09FXNVDBJ,"It’s a little expensive but regardless, this thing is a beast. Paired it with a 3070 ti that I got on sale and so far haven’t had any issues. I’m not over clocking so I can’t review that, but for normal, everyday  gaming this thing tears it up so far!",Fantastic CPU,"Reviewed in the United States on September 22, 2022",True,5.0
B09FXNVDBJ,"If you're thinking about it and you have a 7700k or earlier, just do it; it's time..... Almost 50-100% increase in fps in all games and can play some games I couldn't before.... Get an LGA1700 360mm radiator for super cool temps... And get a DDR5 and PCIe 5.0 board for God's sake lol don't get DDR4 like a clown",Amazing,"Reviewed in the United States on April 7, 2022",True,5.0
B09FXNVDBJ,I’ve never been and mad or intel fanboy. I’ve always gone for that’s the best bang for your buck… or what performs the best at a reasonable price. For the first time sense Ryzen I’m surprised to say intel is cheaper and light years ahead of its competitors with the 12700k.,Very surprised at how good this actually is.,"Reviewed in the United States on March 8, 2022",True,4.0
B09FXNVDBJ,thank you,i7,"Reviewed in the United States on July 26, 2023",True,5.0
B09FXNVDBJ,"Upgraded my gaming PC from an old i7-6700k and this thing is FAST! It does run pretty hot though, so make sure your cpu cooler is up to the task and you have good airflow in your case. Bonus feature: Doubles as a space heater in the cooler months!",Smoking fast!,"Reviewed in the United States on August 5, 2022",True,5.0
B09FXNVDBJ,"I went from a i7 4770k to this. AND WOW. It doesn't even sweat at anything I throw at it.Always been a intel fanboy, and they haven't disappointed me yet. THIS PUPPY IS A MONSTER!",WOW,"Reviewed in the United States on August 31, 2022",True,5.0
B09FXNVDBJ,"Undevolted and overclocked to 4.8GHz, 170w on Cinebench 23 pushing 23300 points. Under heavy worloads on Cubase I have cpu power to spare, and when exporting an MP3 with 100% utilization, temps stay in the mid 60s with a Vetroo 5 air cooler. Perfect for my needs!",Great performance!,"Reviewed in the United States on August 27, 2022",True,5.0
B09FXNVDBJ,work as per the spec.,great price,"Reviewed in the United States on June 14, 2023",True,5.0
B09FXNVDBJ,BE AWARE THIS CPU DOES NOT COME WITH A HEATSINK NOR IS IT PACKAGED WELL. CPU IN PLASTIC CASE RATTLING AROUND IN THE BOX. EXTREMELY DISAPPOINTED.,BYER BE AWARE,"Reviewed in the United States on April 17, 2024",True,2.0
B09FXNVDBJ,"Performs like a beast! Running 5.4 Ghz stable, liquid cooled with no thermal throttling.",12700K,"Reviewed in the United States on April 5, 2023",True,5.0
B09FXNVDBJ,"Working 1,5 x faster then my old 9700",New era,"Reviewed in the United States on May 29, 2023",True,5.0
B09FXNVDBJ,"This is a great CPU for the money. Sure you can spend more, but it's easy to overclock and runs great. The built-in GPU is... meh. Good for work, not games. But it's cool that it's built in, because if you ever have a problem with your GPU this is a backup.  LOVE IT!",Fantastic CPU for $$$,"Reviewed in the United States on April 9, 2022",True,5.0
B09FXNVDBJ,Excelente !!!!,Excelente !!!!,"Reviewed in the United States on June 20, 2023",True,5.0
B09FXNVDBJ,thank you,i7,"Reviewed in the United States on July 26, 2023",True,5.0
B09FXNVDBJ,"Upgraded my gaming PC from an old i7-6700k and this thing is FAST! It does run pretty hot though, so make sure your cpu cooler is up to the task and you have good airflow in your case. Bonus feature: Doubles as a space heater in the cooler months!",Smoking fast!,"Reviewed in the United States on August 5, 2022",True,5.0
B09FXNVDBJ,"I went from a i7 4770k to this. AND WOW. It doesn't even sweat at anything I throw at it.Always been a intel fanboy, and they haven't disappointed me yet. THIS PUPPY IS A MONSTER!",WOW,"Reviewed in the United States on August 31, 2022",True,5.0
B09FXNVDBJ,"Undevolted and overclocked to 4.8GHz, 170w on Cinebench 23 pushing 23300 points. Under heavy worloads on Cubase I have cpu power to spare, and when exporting an MP3 with 100% utilization, temps stay in the mid 60s with a Vetroo 5 air cooler. Perfect for my needs!",Great performance!,"Reviewed in the United States on August 27, 2022",True,5.0
B09FXNVDBJ,work as per the spec.,great price,"Reviewed in the United States on June 14, 2023",True,5.0
B09FXNVDBJ,BE AWARE THIS CPU DOES NOT COME WITH A HEATSINK NOR IS IT PACKAGED WELL. CPU IN PLASTIC CASE RATTLING AROUND IN THE BOX. EXTREMELY DISAPPOINTED.,BYER BE AWARE,"Reviewed in the United States on April 17, 2024",True,2.0
B09FXNVDBJ,"Performs like a beast! Running 5.4 Ghz stable, liquid cooled with no thermal throttling.",12700K,"Reviewed in the United States on April 5, 2023",True,5.0
B09FXNVDBJ,"Working 1,5 x faster then my old 9700",New era,"Reviewed in the United States on May 29, 2023",True,5.0
B09FXNVDBJ,"This is a great CPU for the money. Sure you can spend more, but it's easy to overclock and runs great. The built-in GPU is... meh. Good for work, not games. But it's cool that it's built in, because if you ever have a problem with your GPU this is a backup.  LOVE IT!",Fantastic CPU for $$$,"Reviewed in the United States on April 9, 2022",True,5.0
B09FXNVDBJ,Excelente !!!!,Excelente !!!!,"Reviewed in the United States on June 20, 2023",True,5.0
B09FXNVDBJ,thank you,i7,"Reviewed in the United States on July 26, 2023",True,5.0
B09FXNVDBJ,"Upgraded my gaming PC from an old i7-6700k and this thing is FAST! It does run pretty hot though, so make sure your cpu cooler is up to the task and you have good airflow in your case. Bonus feature: Doubles as a space heater in the cooler months!",Smoking fast!,"Reviewed in the United States on August 5, 2022",True,5.0
B09FXNVDBJ,"I went from a i7 4770k to this. AND WOW. It doesn't even sweat at anything I throw at it.Always been a intel fanboy, and they haven't disappointed me yet. THIS PUPPY IS A MONSTER!",WOW,"Reviewed in the United States on August 31, 2022",True,5.0
B09FXNVDBJ,"Undevolted and overclocked to 4.8GHz, 170w on Cinebench 23 pushing 23300 points. Under heavy worloads on Cubase I have cpu power to spare, and when exporting an MP3 with 100% utilization, temps stay in the mid 60s with a Vetroo 5 air cooler. Perfect for my needs!",Great performance!,"Reviewed in the United States on August 27, 2022",True,5.0
B09FXNVDBJ,work as per the spec.,great price,"Reviewed in the United States on June 14, 2023",True,5.0
B09FXNVDBJ,BE AWARE THIS CPU DOES NOT COME WITH A HEATSINK NOR IS IT PACKAGED WELL. CPU IN PLASTIC CASE RATTLING AROUND IN THE BOX. EXTREMELY DISAPPOINTED.,BYER BE AWARE,"Reviewed in the United States on April 17, 2024",True,2.0
B09FXNVDBJ,"Performs like a beast! Running 5.4 Ghz stable, liquid cooled with no thermal throttling.",12700K,"Reviewed in the United States on April 5, 2023",True,5.0
B09FXNVDBJ,"Working 1,5 x faster then my old 9700",New era,"Reviewed in the United States on May 29, 2023",True,5.0
B09FXNVDBJ,"This is a great CPU for the money. Sure you can spend more, but it's easy to overclock and runs great. The built-in GPU is... meh. Good for work, not games. But it's cool that it's built in, because if you ever have a problem with your GPU this is a backup.  LOVE IT!",Fantastic CPU for $$$,"Reviewed in the United States on April 9, 2022",True,5.0
B09FXNVDBJ,Excelente !!!!,Excelente !!!!,"Reviewed in the United States on June 20, 2023",True,5.0
B09FXNVDBJ,thank you,i7,"Reviewed in the United States on July 26, 2023",True,5.0
B09FXNVDBJ,"Upgraded my gaming PC from an old i7-6700k and this thing is FAST! It does run pretty hot though, so make sure your cpu cooler is up to the task and you have good airflow in your case. Bonus feature: Doubles as a space heater in the cooler months!",Smoking fast!,"Reviewed in the United States on August 5, 2022",True,5.0
B09FXNVDBJ,"I went from a i7 4770k to this. AND WOW. It doesn't even sweat at anything I throw at it.Always been a intel fanboy, and they haven't disappointed me yet. THIS PUPPY IS A MONSTER!",WOW,"Reviewed in the United States on August 31, 2022",True,5.0
B09FXNVDBJ,"Undevolted and overclocked to 4.8GHz, 170w on Cinebench 23 pushing 23300 points. Under heavy worloads on Cubase I have cpu power to spare, and when exporting an MP3 with 100% utilization, temps stay in the mid 60s with a Vetroo 5 air cooler. Perfect for my needs!",Great performance!,"Reviewed in the United States on August 27, 2022",True,5.0
B09FXNVDBJ,work as per the spec.,great price,"Reviewed in the United States on June 14, 2023",True,5.0
B09FXNVDBJ,BE AWARE THIS CPU DOES NOT COME WITH A HEATSINK NOR IS IT PACKAGED WELL. CPU IN PLASTIC CASE RATTLING AROUND IN THE BOX. EXTREMELY DISAPPOINTED.,BYER BE AWARE,"Reviewed in the United States on April 17, 2024",True,2.0
B09FXNVDBJ,"Performs like a beast! Running 5.4 Ghz stable, liquid cooled with no thermal throttling.",12700K,"Reviewed in the United States on April 5, 2023",True,5.0
B09FXNVDBJ,"Working 1,5 x faster then my old 9700",New era,"Reviewed in the United States on May 29, 2023",True,5.0
B09FXNVDBJ,"This is a great CPU for the money. Sure you can spend more, but it's easy to overclock and runs great. The built-in GPU is... meh. Good for work, not games. But it's cool that it's built in, because if you ever have a problem with your GPU this is a backup.  LOVE IT!",Fantastic CPU for $$$,"Reviewed in the United States on April 9, 2022",True,5.0
B09FXNVDBJ,Excelente !!!!,Excelente !!!!,"Reviewed in the United States on June 20, 2023",True,5.0
B09MDHZ2YQ,"Muito poderoso, tenho jogado jogos em FULL HD e o processador não passa de 20% de uso.",Muito poderoso,"Reviewed in Brazil on May 17, 2024",True,5.0
B09MDHZ2YQ,Tut was er soll,Läuft,"Reviewed in Germany on July 10, 2024",True,5.0
B09MDHZ2YQ,Bom!,"Processador Intel Core I7-12700F, 12ª","Reviewed in Brazil on September 4, 2023",True,5.0
B09MDHZ2YQ,,Sehr gute Prozessor aber braucht einen guten Kühler,"Reviewed in Germany on August 13, 2022",True,5.0
B09MDHZ2YQ,"cant even send a photo because it's not workingthe code sent to send the product back for RMA is not active on the shipping service (CTT Portugal), will send it back with our own costs",Not working,"Reviewed in Germany on May 15, 2024",True,1.0
B09MDHZ2YQ,"Installer, fonctionne bien, mais pas encore tester pour de grande tâches",Bon processeur,"Reviewed in France on December 26, 2023",True,4.0
B09MDHZ2YQ,Ho assemblato da solo un PC per mio figlio. Ho acquistato questo processore per dare un'anima seria al computer. Arrivato con 3 giorni di anticipo con immenso piacere (da parte di mio figlio😜Prodotto validissimo e devo dire che per tutti i videogiochi a cui viene sottoposto lavora egregiamente.⚠️⚠️⚠️⚠️⚠️⚠️ATTENZIONE⚠️⚠️⚠️⚠️⚠️⚠️ (soprattutto per i neofiti) usare una buona pasta termica e una ventola di raffreddamento ad alta resa per evitare surriscaldamenti eccessivi,Prodotto ottimo,"Reviewed in Italy on August 31, 2022",True,5.0
B09MDHZ2YQ,"Reçu sans problème, MAIS SANS LE PROCESSEUR !!!!!!!!!!!!",je crois que il manque quelque chose !,"Reviewed in France on February 5, 2024",True,1.0
B09MDHZ2YQ,Processore che si surriscalda da solo all'avvio arriva subito a 64  gradimento fare nulla,Si surriscalda subito all'avvio,"Reviewed in Italy on August 23, 2022",True,1.0
B09MDHZ2YQ,"Muito poderoso, tenho jogado jogos em FULL HD e o processador não passa de 20% de uso.",Muito poderoso,"Reviewed in Brazil on May 17, 2024",True,5.0
B09MDHZ2YQ,Tut was er soll,Läuft,"Reviewed in Germany on July 10, 2024",True,5.0
B09MDHZ2YQ,Bom!,"Processador Intel Core I7-12700F, 12ª","Reviewed in Brazil on September 4, 2023",True,5.0
B09MDHZ2YQ,,Sehr gute Prozessor aber braucht einen guten Kühler,"Reviewed in Germany on August 13, 2022",True,5.0
B09MDHZ2YQ,"cant even send a photo because it's not workingthe code sent to send the product back for RMA is not active on the shipping service (CTT Portugal), will send it back with our own costs",Not working,"Reviewed in Germany on May 15, 2024",True,1.0
B09MDHZ2YQ,"Installer, fonctionne bien, mais pas encore tester pour de grande tâches",Bon processeur,"Reviewed in France on December 26, 2023",True,4.0
B09MDHZ2YQ,Ho assemblato da solo un PC per mio figlio. Ho acquistato questo processore per dare un'anima seria al computer. Arrivato con 3 giorni di anticipo con immenso piacere (da parte di mio figlio😜Prodotto validissimo e devo dire che per tutti i videogiochi a cui viene sottoposto lavora egregiamente.⚠️⚠️⚠️⚠️⚠️⚠️ATTENZIONE⚠️⚠️⚠️⚠️⚠️⚠️ (soprattutto per i neofiti) usare una buona pasta termica e una ventola di raffreddamento ad alta resa per evitare surriscaldamenti eccessivi,Prodotto ottimo,"Reviewed in Italy on August 31, 2022",True,5.0
B09MDHZ2YQ,"Reçu sans problème, MAIS SANS LE PROCESSEUR !!!!!!!!!!!!",je crois que il manque quelque chose !,"Reviewed in France on February 5, 2024",True,1.0
B09MDHZ2YQ,Processore che si surriscalda da solo all'avvio arriva subito a 64  gradimento fare nulla,Si surriscalda subito all'avvio,"Reviewed in Italy on August 23, 2022",True,1.0
B09MDHZ2YQ,"Muito poderoso, tenho jogado jogos em FULL HD e o processador não passa de 20% de uso.",Muito poderoso,"Reviewed in Brazil on May 17, 2024",True,5.0
B09MDHZ2YQ,Tut was er soll,Läuft,"Reviewed in Germany on July 10, 2024",True,5.0
B09MDHZ2YQ,Bom!,"Processador Intel Core I7-12700F, 12ª","Reviewed in Brazil on September 4, 2023",True,5.0
B09MDHZ2YQ,,Sehr gute Prozessor aber braucht einen guten Kühler,"Reviewed in Germany on August 13, 2022",True,5.0
B09MDHZ2YQ,"cant even send a photo because it's not workingthe code sent to send the product back for RMA is not active on the shipping service (CTT Portugal), will send it back with our own costs",Not working,"Reviewed in Germany on May 15, 2024",True,1.0
B09MDHZ2YQ,"Installer, fonctionne bien, mais pas encore tester pour de grande tâches",Bon processeur,"Reviewed in France on December 26, 2023",True,4.0
B09MDHZ2YQ,Ho assemblato da solo un PC per mio figlio. Ho acquistato questo processore per dare un'anima seria al computer. Arrivato con 3 giorni di anticipo con immenso piacere (da parte di mio figlio😜Prodotto validissimo e devo dire che per tutti i videogiochi a cui viene sottoposto lavora egregiamente.⚠️⚠️⚠️⚠️⚠️⚠️ATTENZIONE⚠️⚠️⚠️⚠️⚠️⚠️ (soprattutto per i neofiti) usare una buona pasta termica e una ventola di raffreddamento ad alta resa per evitare surriscaldamenti eccessivi,Prodotto ottimo,"Reviewed in Italy on August 31, 2022",True,5.0
B09MDHZ2YQ,"Reçu sans problème, MAIS SANS LE PROCESSEUR !!!!!!!!!!!!",je crois que il manque quelque chose !,"Reviewed in France on February 5, 2024",True,1.0
B09MDHZ2YQ,Processore che si surriscalda da solo all'avvio arriva subito a 64  gradimento fare nulla,Si surriscalda subito all'avvio,"Reviewed in Italy on August 23, 2022",True,1.0
B09MDHZ2YQ,"Muito poderoso, tenho jogado jogos em FULL HD e o processador não passa de 20% de uso.",Muito poderoso,"Reviewed in Brazil on May 17, 2024",True,5.0
B09MDHZ2YQ,Tut was er soll,Läuft,"Reviewed in Germany on July 10, 2024",True,5.0
B09MDHZ2YQ,Bom!,"Processador Intel Core I7-12700F, 12ª","Reviewed in Brazil on September 4, 2023",True,5.0
B09MDHZ2YQ,,Sehr gute Prozessor aber braucht einen guten Kühler,"Reviewed in Germany on August 13, 2022",True,5.0
B09MDHZ2YQ,"cant even send a photo because it's not workingthe code sent to send the product back for RMA is not active on the shipping service (CTT Portugal), will send it back with our own costs",Not working,"Reviewed in Germany on May 15, 2024",True,1.0
B09MDHZ2YQ,"Installer, fonctionne bien, mais pas encore tester pour de grande tâches",Bon processeur,"Reviewed in France on December 26, 2023",True,4.0
B09MDHZ2YQ,Ho assemblato da solo un PC per mio figlio. Ho acquistato questo processore per dare un'anima seria al computer. Arrivato con 3 giorni di anticipo con immenso piacere (da parte di mio figlio😜Prodotto validissimo e devo dire che per tutti i videogiochi a cui viene sottoposto lavora egregiamente.⚠️⚠️⚠️⚠️⚠️⚠️ATTENZIONE⚠️⚠️⚠️⚠️⚠️⚠️ (soprattutto per i neofiti) usare una buona pasta termica e una ventola di raffreddamento ad alta resa per evitare surriscaldamenti eccessivi,Prodotto ottimo,"Reviewed in Italy on August 31, 2022",True,5.0
B09MDHZ2YQ,"Reçu sans problème, MAIS SANS LE PROCESSEUR !!!!!!!!!!!!",je crois que il manque quelque chose !,"Reviewed in France on February 5, 2024",True,1.0
B09MDHZ2YQ,Processore che si surriscalda da solo all'avvio arriva subito a 64  gradimento fare nulla,Si surriscalda subito all'avvio,"Reviewed in Italy on August 23, 2022",True,1.0
B09MDJDSGH,Muito bom recomendo e entrega rapida.,Prossesador i7-12700,"Reviewed in Spain on December 21, 2023",True,5.0
B09MDJDSGH,Funktioniert super,Funktioniert super,"Reviewed in Germany on April 23, 2024",True,5.0
B09MDJDSGH,ARMORED CORE VIの発表を機に10年ぶりにPCを組みたくなったので購入しましたが、発熱が高いのでDeepcool AK620のcpuクーラーと合わせて使いつつ、反り防止フレームも取り付けてゲーミングPCとして使っています。Star Citizenというゲームにだけは性能が若干足りないので、後々13世代以降のCPUに買い替えるかもしれません・・・が一般的な有名ゲームで遊ぶ分には快適に遊べています。i7-12700Kと悩みましたが性能と消費電力のバランスを考え無印にしました。（家の事情で冬は電力消費が大きいとブレーカーが落ちる可能性があるので・・・）他の方も書いていますがCPUクーラーと反り防止フレームは別途購入した方がいいですね。発熱と反りの対策が出来れば一般的なゲーム使用には満足できる製品ですので☆５にしました。,性能、消費電力、価格、バランス良し！,"Reviewed in Japan on February 26, 2023",True,5.0
B09MDJDSGH,"Processeur utilisé pour du montage vidéo, retouches photos et un peu de jeu, processeur à l'aise et chauffe beaucoup moins que le modèle K.",Processeur très puissant,"Reviewed in France on August 21, 2022",True,5.0
B09MDJDSGH,Ultimate Performance,....!,"Reviewed in India on July 23, 2023",True,5.0
B09MDJDSGH,"Upgraded PC with mother board and graphics card, new board did not facilitate my older processor. Bought this as I considered it fast enough for my needs and at a reasonable price. All works great.",Fast enough for my needs,"Reviewed in the United Kingdom on August 2, 2023",True,5.0
B09MDJDSGH,Cpu di elevatissime prestazioni con scheda grafica incorporata molto potente,Prestazioni,"Reviewed in Italy on March 21, 2024",True,5.0
B09MDJDSGH,"Passato da un 12500 comunque ottimo qui siamo comunque su un altro livello. Una velocità di esecuzione aumentata almeno di un 50 per cento, per soli 50 euro di differenza ho preferito di gran lunga questo a un 12600k non interessandomi il discorso overclock. Abbinato a un liquido Msi Coreliquid 240 v2 le temperature in idle sono di circa 23 gradi e sotto sforzo non arrivano ai 50 grazie al suo bassissimo tdp. Miglior processore rapporto qualità prezzo per quel che mi riguarda.",Mamma mia che procio,"Reviewed in Italy on April 17, 2022",True,5.0
B09MDJDSGH,"Super contento, Siempre he tenido los i7 K y me esperaba un peor rendimiento por que venia de un i7 9700k pero me ha sorprendido con sus 65w, sinceramente su poca carga de trabajo que usa con juegos en todo al MAX como elden ring que no pasa de 15% de carga y unos 35/40ºgrados con una refigeracion liquida cerrada es una bestia, y haciendo benchmark exprimiendo al max la cpu al 100% de carga no pasa de 60ºgrados es una bestia la verdad no me iria a la version K por 100€ mas no merece la pena nada va a usar ese procesador con las aplicaciones o juegos actuales",Super contento,"Reviewed in Spain on March 9, 2022",True,5.0
B09MDJDSGH,"Super processeur, très puissant, ne chauffe pas même avec le ventilo Intel fourni. Commandé le dimanche reçu le mardi.... Que du bonheur il se balade dans tous les jeux.",Puissance...,"Reviewed in France on April 7, 2022",True,5.0
B09MDJDSGH,Gut,Gut,"Reviewed in Germany on January 11, 2024",True,5.0
B09MDJDSGH,"Paired this with 32gb corsair dominator DDR5 @5800mhz , asus prime A , and a 3070ti on windows 11 and I'm having a really smooth experience. Games run flawlessly and much smoother than my 10900k, went into Bios and unlocked the 65w limit and away you go. The cpu stays cool (under lian li galahad 240). Really can't fault it in anyway.",12700 non k,"Reviewed in the United Kingdom on May 1, 2022",True,5.0
B09MDJDSGH,i9 9900kから以降しました。進化を体感出来ました。やはり最新が最良なのですね。悩んでたら購入すべきです、満足度はかなり高いです。ただamazonより販売店の方が安い場合が有ります。私は３０００円ほどamazonにお布施しました。,１２世代ｉ７完璧だろっ！,"Reviewed in Japan on July 3, 2022",True,5.0
B09MDJDSGH,Correspond à la photo et à la descriptionEmballage superbeProduit très correcte,Intel,"Reviewed in France on October 5, 2023",True,5.0
B09MDJDSGH,インテルはスロット１以来になる。同価格帯ならAMDだと今でも思っている。ただCPUソケットがAM5に変わり慌ててAM4のMBを探したがどれも高いこと高いこと。またギガバイト社の上位のMBは米国からの輸入品しかないときた。そこで同社のMBを検索するとZ690でDDR4対応のMBが普通にほぼ半額だった。ならばAMDの5900Xと同程度と思い本製品の購入に至る。「CPUが反る」等の書き込みが多いので「例のアレ」を同時購入した。良い製品かどうかは組んでみなければわからない。楽しみにしている。,１５年くらいぶりのインテル,"Reviewed in Japan on December 22, 2022",True,4.0
B09MDJDSGH,Eine CPU die ich seit mehr als einem Jahr benutze und es auch die nächsten Jahre wohl noch tun werde. Außer durch Windows (wie auch immer?) hat sie noch nie annähernd hohe Auslastung in Spielen oder compiling erreicht.,Schnell und zuverlässig,"Reviewed in Germany on July 2, 2023",True,5.0
B09MDJDSGH,Costs a lot and I do not recommend to anyone with a tight budget like £900 if you have a tight budget I suggest the ryzen 5 5600x but overall the cpu is great and it works perfectly fine with any game,Works great,"Reviewed in the United Kingdom on March 7, 2024",True,4.0
B09MDJDSGH,"Nuevo formato, pero genial. El problema es Windows 11, no sé cuando va a despegar.",Rápido,"Reviewed in Spain on August 19, 2023",True,5.0
B09MDJDSGH,"consegna puntuale,imballaggio perfetto e corriere affidabile,ora aspetto il tecnico che monta gli accessori pc",magnifico,"Reviewed in Italy on May 7, 2023",True,5.0
B09MDJDSGH,"Casi perfecto, solo por el precio.","Casi perfecto, solo por el precio.","Reviewed in Spain on June 19, 2022",True,4.0
B09MDJDSGH,ottimo prodotto silenziosissimo,tutto ok,"Reviewed in Italy on January 23, 2023",True,4.0
B09MDJDSGH,最近はryzen cpuを使用していたが、ベンチマーク等をみて、今まで使用しているintel cpu をこれに変えてみた。使用感は本当にいいcpuだと思います。windowsの起動の速さだけでも直ぐにその良さが体感できました。,このintel のcpuは素晴らしい,"Reviewed in Japan on March 31, 2022",True,5.0
B09MDJDSGH,"Was Intel in der 12. Prozessorgeneration abliefert, ist fast unglaublich. Nachdem AMD in den letzten Jahren die Intel-Konkurrenz gnadenlos abgehängt hat, hat sich die Situation jetzt vollkommen geändert.Der i7-12700 (aktuell boxed ca. 350€) liefert sich ein Duell auf Augenhöhe mit dem AMD R9-5900X (aktuell boxed ca. 460€).Für die Technik-Enthusiasten kurz ein paar selbst ermittelte Cinebench-Werte (R23):R9-5900X: Single-Core 1581 Punkte / Multi-Core 22126 Punktei7-12700:  Single-Core 1902 Punkte / Multi-Core 22069 PunkteBeide Systeme laufen mit 32GB DDR4-3200-Speicher (CL16, 1.35V XMP-Profil), die CPUs ohne jegliche Übertaktung. Chipsatz Intel: B660, Chipsatz AMD: B550=> Klare Kaufempfehlung!",Unfassbare Performance - Preis/Leistung überragend,"Reviewed in Germany on March 5, 2022",True,5.0
B09MDJDSGH,Before buying keep in mind that you might need a good cooler. I bought Noctua D15 which is very good at cooling and it costs me more than €100. So add more €100 while thinking to buy any intel high end processors.The delivery was also late.,Good processor with a bad cooler,"Reviewed in the United Kingdom on July 27, 2022",True,3.0
B09MDJDSGH,CPU quasiment aussi puissant que modèle K (entre 2 et 5% de différence)  et plus facile à gérer thermiquement car 2 fois plus sobre en consommation électrique.,Puissant et sobre.,"Reviewed in France on February 21, 2022",True,5.0
B09MDJDSGH,黒い砂漠画質LOW設定のｆｐｓが100〜150→130〜243まで上がったもちろんグラボは同じ2070s高画質だと差は縮まるけど安定性が違ういい買い物をしたと思う。,i7  ８７００からの交換,"Reviewed in Japan on February 18, 2022",True,5.0
B09MDJDSGH,Rapporto qualità prezzo semplicemente imbattibile! Il migliore se vuoi spendere il giusto senza ipotecare casa!,Benchmark alla mano migliore di tutti,"Reviewed in Italy on November 12, 2022",True,5.0
B09MDJDSGH,Funciona bien aunque el ventilador de stock enfría poco y hay que comprar refrigeración líquida si no quieres que se ponga a 100grados (en tareas muy exigentes claro),Cumple con lo esperado,"Reviewed in Spain on February 7, 2023",True,5.0
B09MDJDSGH,One of the best computer processor.,Use only 60w and is very good and powerful Intel Core.,"Reviewed in Germany on July 21, 2023",True,5.0
B09MDJDSGH,"acheté pour remplacer un i9-9900, très efficace.",tres performant,"Reviewed in France on July 18, 2022",True,5.0
B09MDJDSGH,"CPU molto versatile essendo che la utilizzo per varie funzioni, ma sotto sforzo durante il gaming risulta prestante e stabile.Incluso dissipatore.",Super performante,"Reviewed in Italy on February 20, 2023",True,5.0
B09MDJDSGH,Parfait pour une bonne workstation et plus si affinité,Parfait,"Reviewed in France on February 16, 2023",True,5.0
B09MDJDSGH,Beste Entscheidung für Virtualisierung.,Wenig Stromverbrauch,"Reviewed in Germany on May 26, 2023",True,5.0
B09MDJDSGH,Ho ricevuto il prodotto prima del previsto ed è tutto eccezionale! Consiglio l'acquisto.,Eccezionale,"Reviewed in Italy on March 6, 2023",True,5.0
B09MDJDSGH,Nachdem die erste CPU nur gut 1 Monat funktionierte. Warte ich nun seit über 2 Monaten auf die Garantieabwicklung durch Intel. Sowas habe ich noch nie erlebt. Jetzt bin ich jedenfalls bereit für Ryzen.,Service geht anders,"Reviewed in Germany on August 18, 2022",True,1.0
B09MDJDSGH,"Le processeur et le ventilateur ont l'air neuf mais l'emballage a déjà été ouvert à la réception. Le scotch qui ferme l'emballage a l'air d'être ouvert plusieurs fois, suspectible d'être des processeurs vracs re-emballés. Sinon, le processeur n'a pas de problème pour l'instant",l'emballage a été ouvert,"Reviewed in France on April 29, 2022",True,3.0
B09MDJDSGH,,boite sans processeur juste le ventillateur,"Reviewed in France on May 10, 2022",True,1.0
B09MDJDSGH,"I have had this CPU for a few weeks now, I am impressed with its performance. However, it definitely needs a a better cooler. The one provided in the box is not sufficient even for single-threaded workloads. Though I guess this is expected ...","Nice processor, but needs an external cooler","Reviewed in Germany on March 15, 2022",True,5.0
B09MDJDSGH,CPUは箱入りだが、メモリは紙パックなんだよ、きちきちに詰めたらメモリのパッケージにダメージくるだろう！動作不良になったら責任とれるんかい！！！！　置き配指定してるんだからポストにむりやり詰め込まあうにエレベーターあるんだから部屋まで上がれよ！！！,Amazon配達員へ　集合ポストに詰め込むのはやめてくれよ,"Reviewed in Japan on September 22, 2022",True,3.0
B09MDJDSGH,OTTIMO PROCESSORE VELOCISSIMO,CPU I7 12700,"Reviewed in Italy on April 10, 2023",True,5.0
B09MDJDSGH,i7 è sempre i7,è sempre lui,"Reviewed in Italy on June 3, 2023",True,5.0
B09MDJDSGH,Che si può dire di un processore. mi serviva per una build. Più che soddisfatto. Usato per SHIPCONSTRUCTOR,Intel Core i7-12700,"Reviewed in Italy on February 26, 2023",True,5.0
B09MDJDSGH,"Acquistato di recente questo processore di 12th gen devo dire che é una bomba, sia per quanto riguarda il Gaming che per la gestione di altri programmi. A differenza dell' I9 scalda la metà.. Insomma stra consiglio.",Processore Top,"Reviewed in Italy on September 27, 2022",True,5.0
B09MDJDSGH,"CPU molto versatile puoi fare di tutto dal lavoro al gaming senza problemi (Consiglio di sostituire il dissipatore stock rumoroso sotto sforzo, magari con un impianto a liquido)",CPU molto performante,"Reviewed in Italy on September 29, 2022",True,5.0
B09MDJDSGH,"Ottimo e veloce processore, testato e provato, per il momento non mi ha dato problemi",Ottimo processore,"Reviewed in Italy on October 22, 2022",True,5.0
B09MDJDSGH,"Spinge come un cinghiale, ma in certi scenari scalda come un animale",Tanti core a un prezzo ottimo,"Reviewed in Italy on November 15, 2022",True,5.0
B09MDJDSGH,Ottima cpu di fascia alta x chi oltre al gaming vuole qualcosa in più,Best cpu,"Reviewed in Italy on August 10, 2022",True,5.0
B09MDJDSGH,"Processore ottimo, nessun tipo di rumore. Arrivato in un ottima confezione con dissipatore ad aria. Rapporto qualità prezzo ottimo.",Ottimo processore,"Reviewed in Italy on May 18, 2022",True,5.0
B09MDJDSGH,"Posso sapere perché la scatola è stata aperta e danneggiata? L'ho comprato nuovo, ma sembra che hanno giocato a calcio con lui",Aperto e danneggiato,"Reviewed in Italy on June 5, 2022",True,3.0
B09MDJDSGH,Pc gaming,Buon processore ottimo prezzo,"Reviewed in Italy on November 14, 2022",True,5.0
B09MDJDSGH,Ottimo,Molto soddisfatto,"Reviewed in Italy on May 16, 2022",True,5.0
B09MDJDSGH,持ち合わせのパソコンでは使えないのがわかったので返品しました。,返品しました,"Reviewed in Japan on November 19, 2022",True,1.0
B09MDJDSGH,Ottimo,Molto soddisfatto,"Reviewed in Italy on May 16, 2022",True,5.0
B09MDJDSGH,持ち合わせのパソコンでは使えないのがわかったので返品しました。,返品しました,"Reviewed in Japan on November 19, 2022",True,1.0
B09MDJDSGH,Ottimo,Molto soddisfatto,"Reviewed in Italy on May 16, 2022",True,5.0
B09MDJDSGH,持ち合わせのパソコンでは使えないのがわかったので返品しました。,返品しました,"Reviewed in Japan on November 19, 2022",True,1.0
B09MDJDSGH,Ottimo,Molto soddisfatto,"Reviewed in Italy on May 16, 2022",True,5.0
B09MDJDSGH,持ち合わせのパソコンでは使えないのがわかったので返品しました。,返品しました,"Reviewed in Japan on November 19, 2022",True,1.0
