text,sentiment,cluster
Ideal for my use.,,1
Lo compré por que estaba a un precio muy bueno,,1
Molto Ottimo!,,1
Schnelle Lieferung! Alles super!,,1
Un procesador muy bueno y rapido,,1
"Pas de surprise, excellent rapport performance/prix",,2
"Sert aussi a mon PC PC MSI MPG B760I EDGE WIFI  Intel I3 13100 4300mhz et carte Radeon RX7600qui affiche la 4K sur l’écranFonctionne à  4300mhz  sur 2 cores et 4500mhz sur un coreTout à fait satisfaisant, excellente réactivité, activité modélisation CAO 3D, Prusa Slicer",,1
"Funciona perfectamente, a pesar de ser in i3 el P C funciona muy fluido.",,1
"Scalda pochissimo ed è perfetto per un uso casalingo, come navigazione internet, pacchetto office, youtube",,1
"Gute Preis/Leistung. Sparsam und für den normalen, nicht spielenden Office PC User vollkommen ausreichend.",,1
Abbinato a una buona configurazione scheggia,,1
"neuer i3 für Bürocomputer MSOffice etc. vollkommen ausreichend, Leistung passt.",,1
"Intel® Core™ i3-13100 Desktop 12MB Cache, instalado y funcionando perfectamente en placa asus tuf gaming b 760m plus.El envío también llego muy rápido.",,1
"CPU Intel Core i3 di tredicesima generazione molto prestante, si può usare sia per il gaming che per il lavoro a livello professionale. L'ho testato un pò e posso dire che funziona davvero bene, non ha dato segni di cedimento e non si surriscalda in modo eccessivo.E' stato consegnato dovutamente imballato e nei giorni previsti da Amazon!",,0
Come prestazioni è meglio di un i7 serie 7.Inoltre essendo un 4 core va bene anche per il gaming.,,0
"Il processore in sé é ottimo. Reattivo e performante nelle applicazioni standard (internet, ufficio) però va messo in conto un dissipatore perché quello stock è rumoroso e inefficiente.",,1
text,,1
"A l'instar de ce que peuvent dire nos chère Youtubeurs FR, ce proc fait grave le taf mais attention au prix, max 120€ sinon trop chère.",,1
"Me sorprendió mucho este procesador, junto a mi 4060ti de 8gb de vram, más 32gb de ram en dual channel funciona todo correctamente, puedo jugar juegos en 1080p, 1440p y 4k sin ningún problema. Recomendando",,1
Un procesador de gama de entrada que se desenvuelve muy bien incluso en equipos gaming.,,1
non ho potuto provarlo non so come va,,1
"I received a 13100f  in a tatty box, not the 13100 which I thought I was getting as it even mentioned in the specs it was the igpu UHD 730 version chip",,1
Simple to install and so quick,,1
It’s i3-13100f not i3-13100,,1
from what i saw on yt and websites it would be way worst. Many people were saying that it would under perform with the RX 6650xt i bought. not really ture on pretty much every game i tested wiht & without overclocking did 2-2.5 times better than expected i have build a $750 setup with some help from yt and for now it is really good. definatly buy it for beginning and at anytime you could just upgrqade it,,1
"Nach einem Mainboard-Defekt musste ich leider mein altes ASUS P5B der Entsorgung übereignen, zusammen mit dem installierten Core 2 Quad. Wobei diese Kombination für einen Business- und Home-Office-PC auch heute noch unter Windows 10 leistungsmäßig völlig okay gewesen ist. Nur der Wechsel auf Windows 11 hätte früher oder später ohnehin ein Hardware-Update nötig gemacht … was durch den Defekt jetzt beschleunigt wurde.Das soll sozusagen mein Anforderungsprofil beschreiben. Und das erfüllt der 13100F. Onboard-Grafik brauche ich nicht, bei 3 Monitoren komme ich an einer Grafikkarte sowieso nicht vorbei. Die CPU ist vergleichsweise günstig, und sie ist für meine Zwecke mehr als schnell genug. Der geringe Stromhunger lässt den PC nahezu lautlos laufen und verspricht eine lange Lebensdauer. Erfahrungsgemäß ist sogar noch etwas Undervolting drin, was diese Dinge nochmal verbessern dürfte.Als kostengünstige CPU für meine Zwecke passt es. Das höhere Potential teurerer Prozessoren würde ich sowieso nicht abrufen.",,1
"Largement suffisant pour la plupart des gens , la 13eme génération d'Intel est vraiment performante . 4 coeurs 8 Threads ont fait tout a 4.5 GHZ⚠️⚠️ Le 13100F ne possède pas de partie Graphique, faut absolument une Carte Graphique.",,1
"I build PCs for clients daily. The core i3-13100 is absolutely perfect.  6 core 12 thread, nothing can beat it for the money. And the client is very happy with its performance.  Can run many different programs at once.The core i3 has changed alot over the years. Used to be dual core, with HT, then quad core not HT, now 6 core 12 thread. Much better value.  Maybe for the 14th gen core i3 they could include 6 P-cores, 2 E-cores, being the same 12 thread CPU,",,1
This is a Great entry level processor that works like a more expensive processor!  Makes an excellent first computer!,,1
"If you need more processor, buy more processor.  However, most web surfer and video viewers will never notice this is a budget CPU.  Modern tech makes this little guys speedy as heck.  It runs games just fine as long as your expectations aren't super high end 4K gaming at a zillion FPS.  Check youtube for videos.  Great little chip.",,1
"The 13100 isn't the powerhouse that the 13900k is, but it works well for day to day task where a more powerful processor isn't required.",,1
Used it in a fresh build on MSI Mortar wifi and Thermalright assassin x. Temps 3x on idle and 5x on load. Has all needed performance and with integrated graphics is all needed. With Gigabyte Eagle RTX 3060 OC got Fortnite Epic run 130fps @1080p and ~90fps @1440p. Black Mesa ultra @1440p got 100-200fps. Single Con: Could be better priced around 130 though. I decided to have this configuration to have the possibilty to upgrade to 13600k sometime later if needed for Graphics render software.,,1
"El menor de su familia y se defiende muy bien, va perfecto con una RTX 3060 12GB y todo en ULTRA",,1
All I can say is that I'm very happy with my purchase!,,1
"Procesador Intel muy bueno, excelente sistema operativo, por el momento la computadores es muy ágil, no se tiene problemas de lentitud o que se trabe algún programa,  lo recomiendo.",,1
merci,,1
Pour le prix,,1
商品説明では4.50GHｚとあるが、これはターボ・ブースト利用時の最大周波数であって、ベース周波数は3.4GHｚとCore i3第8世代の3.6GHｚより低い。パソコン使用時、いつブーストされているのかわからないが、それでも第8世代ＰＣより快適に動いている。,,1
