text,sentiment,cluster
"It’s very capable for modern gaming without disappearing the average user who games a lot. The stability is great. It’s very fast, it never stutters, and doesn’t disappoint. It’s well worth the money. With a proper 360mm AIO cooler, it doesn’t get too hot. I used an Asus TUF Gaming AIO cooler for gaming. It’s pretty easy to install.",positive,2
"I guess everyone is right, these things are hot and then some.  I went with a off brand AIO, and for the most part I'm good.  It does get spicy when I'm rendering or doing some crazy multi tasking.Gaming seems fine, no issues.  I play all kinds of games, FPS, MMO's, survival, etc.  (Paired with a Gigabyte Gaming 4090 OC, Tforce 64 gigs 6000 M/T DDR5, samsung 990 pro NVME 2 tb x2, no OCing done by me.)I replaced a 5950x, which was having issues for some reason, just felt like it was getting slower and slower, thermal paste and heat were fine on it, never got over 60c with the beefier AIO I had on it.  Just took longer and longer to render things.  I guess I wore it out!I just think you'll want a good AIO, and/or a solid water cooling solution for this to really get the best out of it.  I'm not sure a air cooled option will do you any good, but hey I've been wrong many times, so there might be something that can handle the job.All in all, not bad, but it's not going to give you much performance boost over last gen, matter of fact I found out later 13700k beats it in a lot of tests, blargh!  Either way, its fast, and it runs everything great, so I'm happy till the next go around.",positive,2
"So far so good.  This CPU is a monster and runs very nicely and boosts to max clocks (6ghz on two cores and 5.7ghz on all cores) unlimited TDP settings but thermally limited at 90c with -60mV offset.  I have noticed that it runs a bit cooler than my previous 13900KF, especially when you consider the core to core deltas.  I use my PC mostly for gaming and encoding, so as long as you have a great case with plenty of air flow and a top notch cooler, you can easily run it air cooled without issues as it will just throttle itself when it hits whatever thermal maximum you set in the UEFI BIOS.In gaming workloads it never throttles though and stays at 5.7ghz all core boost the entire time with temps in CPU intensive games anywhere from the upper 50s to mid 60s and upper 40s to mid 50s in non CPU intensive games**Update**I have the CPU now at 5.8ghz with HT disabled and a -75mV offset and it's working like a charm and very stable in gaming workloads and encoding (it downclocks when it hits 90c for encoding workloads but for gaming it stays at 5.8ghz), which is amazing since it's on an air cooled setup, though the setup is as optimal as it gets for air cooling!  As for temps, they are a little lower than running it at 5.7ghz with HT enabled and a -50mV offset.  If I use a -75mV offset with 5.8ghz and HT enabled, my PC crashes.  So disabling HT definitely enables the CPU to use less power.If you're predominantly using your machine for gaming, then I definitely recommend turning HT off regardless as most games tend to run better with HT disabled.  But if you're using it for productivity or a blend of both productivity and gaming, then definitely turn HT on.The only mildly disappointing thing for me is that the memory controller isn't as good as I thought it would be.  Mine runs 48GB DDR5 7400 CL34 at 1.35V on the IMC, but to hit DDR5 7600 CL36 with stability I need to increase the IMC voltage to 1.41V which just isn't worth it if you ask me for such a minor bump in performance.  My previous 13900KF could do 48GB DDR5 7800 at 1.36V on the IMC.Core wise though, the CPU is definitely superior to 13th gen.",positive,2
"So I finally upgraded my home workstation, and went to this new i9-14900K. It is incredibly fast. I had a Davinci Resolve video project file that I rendered on my old setup, the i7-6850K and it took just over 22 minutes to complete the render. On the new i9, the exact same file was re exported, took just over 8 minutes..! almost a 3x speed increase.! Also, when you speed up footage in Resolve, the old cpu could not play it back smoothly, it would jump and chug like crazy, the new i9, it plays it back sped up 800% no problems and I can actually see how it looks without having to export the entire video clip to see it playback the retimed footage smoothly. Applications open u p much faster too, but that could be more due to the pcie4.0 nvme system drive that is much faster than the previous version nvme I had in the old build. The one thing I do not like about the new cpu, is the number of pci lanes. You only get 20, 16 are pcie5.0 and 4 are pcie4.0. This wont be an issue for most people, but my old cpu had 40 lanes, allowing me to run 3 GPU's at the same time, and YES, I needed them, I use GPU rendering software that can use up to 8 GPU's in one system on one license and every additional GPU speeds up your render times a lot when rendering out 3D sims. With this new cpu, I can only run 2 GPU's and they run at 8x, cause they share the 16x, and that does leave me 4 full pcie4.0 lanes for the system drive. It is not a deal breaker, and the increased speed overall is well worth it. One thing EVERYBODY should be aware of, is these new intel chips have P cores and E cores. Something my old cpu did NOT have. E-cores can severely impact certain software performance. When I booted up the new machine and tried my Ableton DAW  for the first time, I was expecting to be so happy with a performance boost, and the software was literally almost unusable.! The E-cores were slowing the software down so bad, I could barely change settings in the preferences.! It was that bad. I had to install process lasso ( fantastic software that is free if you have never heard of it ) and disable the use of E-cores for Ableton and then it worked very fast and is great.!",positive,2
"Before you purchase this CPU please also purchase alongside of it purchase a 360 AiO as well, this CPU is in need of it. I'm not trying to say that to scare you but it runs warm. In my (asus) bios I turned on ""Disabled-Enforce all limits"" so that the motherboard doesn't try to do on the fly OC to keep temps low and stability up. I haven't had any crashes or stability issues at all. I did a full platform upgrade from the 10900k to this, I kept my RTX 3080 and the performance bump was actually fully noticeable. I'd say my average temperature for doing basic computing is around 37c with my Lian Li Galahad II Trinity 360. It's a monster of a CPU genuinely and if you are in the market for an upgrade don't hesitate you won't regret it.",positive,1
"I decided the difference between the i7 and the i9 didn't justify the price difference, considering I was already getting about 1/3 more performance than my 12th generation i9. I wanted plenty of motherboard resources so I also bought the MSI MEG Z790 ACE, 32 GB of Kingston Fury 6400MT/s DDR5 and a 2TB Samsung 990 NVMe drive.Cooling had been a slight issue with the 12th generation i9, even with a 360mm AIO cooler, so I went custom loop. Along the way I found a GPU water cooler on sale and decided to install a lot of cooling. The Thermaltake 900 tower can take two 560mm radiators, but I wanted some disks, so I went for a 560x140 and a 280x140, both 45mm thick and backed by 6 fans. Four more fans feed air into the case and there's till plenty of clear space for more air to be dragged in.So what's the result? The processor runs at 85C worst case, and only two cores at that temperature. The fast DDR5 does make a significant difference. I initially ran it at 6GT/s then turned it up to 6.2 and finally 6.4. The last change is a 3.5% change in DDR5 speed and that gave me a 2.4% increase in system speed. I kept my old RTX3070 which used to run over 80C and now runs at 62C worst case. So despite more performance the system runs a lot cooler.I mostly run X-Plane 12, which runs the GPU and CPU very hard, continuously. After several hours the cooling water reached 36C and the worst core temperature was 85C. The processor just works. No stability issues with the standard settings on the MSI Z690 motherboard. There are three standard memory tuning options for 6.0, 6.2, and 6.4 GT/s and all work. This will do for me for a few years.",positive,2
"This processor is a speed demon. Gaming, editing, encoding, and whatever else you can think of, it can handle. The performance is there. The value for money is quite good too. Unless you really want top of the line, this chip effectively eliminates the i9 from consideration. 20 cores. 8P and 12E. Boost up to 5.6GHz on 2 threads. I swapped a 12600K for this part and I'm still kinda staggered at just how fast it is in heavily threaded apps. This is a perfect upgrade chip for somebody on an older 12th gen i5 or lower. I wouldn't consider building new with it however.There's a cost to this CPU though. Heat. And power draw. I have an Arctic Liquid Freezer III 360 AIO on this chip, and even with a sizable undervolt, it still throttles at around 230W running 100C. It feels like this chip is almost uncoolable. Unless you go full custom liquid cooling or something. I considered a large air cooler for this chip and I'm glad I went with an AIO. Buyer beware. This thing runs hot. It's also incredibly fast. If you can cool it this thing will fly.",positive,2
"I built 3 systems using 14900 series. They all had serious stability problems when in use.  After researching for weeks and reinstalling OS with no better result.  I finally disabled overclocking ""AI overclocking"", which was running as high as 1.6v.  I also found a BIOS setting after running some tools and set it INTEL FAIL SAFE.  this allowed me to run the AVX2 stress test successfully.  It basically throttles the chip.I can't tell you the frustration this caused figuring this out.  Everything from chrome browsers to Adobe CS would crash randomly for no apparent reason every few minutes while all ""tests"" showed it was fine.  I lowered my refresh rate to 60 from 120, killed AI overclocking and set the INTEL setting and now have a very stable system. It outperforms my 5950x when encoding, which is impressive.  It does run HOT even with water cooling.  IF I had it to do over again, I would avoid 13000 and 14000 chips as there is a OODLE issue as well when it comes to gaming with Unreal 5.  Basically an unfixable hardware flaw that affects some chips.Here's the thing, you will not notice a difference as nothing I use with the exception of HANDBRAKE, ever comes close to maxing out the chip when in use.  Adobe CS uses my 3080ti and the intel quicksync iGPU simultaneously which rarely went above 40%, and usually was around 15-20 when editing.  HW encodes for HD were at 350fps, software, 250, intel 300.  So a small advantage in Adobe CS is why I went with the 14900K vs KF.System was using ""AI overclocking"" pushing it to 6.2 roughly single core.  Disabled in BIOS now.Specs: Asus z290a Wifi II, Corsair 96GB DDR5 5600, Samsung 990 Pro, CPU Water cooled, 3080tiSo the ""K"" is basically useless for me at this point and don't see myself doing it manually as it's just not worth it to me.  That said, when stable, it's a very capable chip.",positive,2
"This professional CPU isn't designed for the average user. However, if you're a tinkerer at heart, eager to dive deeper than the surface-level information often presented in YouTube ""videos"" (or should we say, commercials), this is unquestionably for you. I've acquired multiple units for various builds/configurations from a wide array of retailers—Best Buy, Newegg, and others included.For those considering making a purchase, I highly recommend using an Apex/Apex Encore MOBO or another reputable 2 DIMM board, particularly for AM5 or LGA1700, if overclocking is your goal. A high-quality cooler is crucial; for those opting for an AIO, ensure it includes at least an 8th gen Asetek pump and a 360 Thickboy copper radiator with performance fans—Avoid the aesthetically pleasing but functionally inferior Lian Li reversed SL Infinity Fans. Genuine static pressure fans, capable of efficiently doing the job, are what you need. Despite what your favorite YouTuber might suggest, you should prioritize efficiency over aesthetics.When selecting DDR5, opt for GOOD BINNED options. If a high-binned QVL compatible set isn't your choice, at a minimum, go for HYNIX A for single rank and HYNIX M for dual rank.The 14900K, when expertly tuned, becomes a gaming and multitasking powerhouse—achieving 43 to 44k in R23, with 6.2GHz boosting, 5.9GHz across its 8 physical cores and 8 threads, and 16 physical e-cores at 4.7GHz for a total of 32 threads, of which only 8 are virtual. With hyper-threading and e-cores enabled, it supports 8200 to 8400 MTS CL38 DDR5 RAM, boasts sub-55ns bus latency, and sub-9.3ns FWL. It's a marvel in Aida64 full, minus SSD, burn-in stress test stability. Adjusting all cores down to 5.8 and boosting to 6.0 can further reduce bus latency to easily below 50ns...Did I mention overall CPU temperatures typically remain between 35 to 40°C under heavy gaming loads, rarely exceeding 50°C? Despite the capability of 3 EATX connections to easily deliver over 400W of power, I'd advise against exceeding 325W daily, as the performance gains beyond this point are minimal without extreme overclocking and cooling methods—increased voltage requirements could significantly shorten the lifespan of your CPU. For tinkerers, this CPU is a dream come true.As of this date—4-4-2024: We anticipate future silicon manufacturing constraints will evolve, but that's a discussion for another time.The X3D Elephant in the room: Don't worry, I own one, and this is about science, not purchase bias...We'll sidestep intricate discussions about CLDO, FCLK, and MCLK concerns, and why the substantial L3 cache has become an essential workaround for the instability caused by chiplet-based IMC in handling DDR5 for gamers. If the augmentation of the L3 cache wasn't primarily to address DDR5 issues stemming from the chiplet design, why not significantly enhance and accelerate the L1 cache? The design doesn't allow for it since it's not monolithic, which wouldn't be practical. Those well-versed in the subject matter understand this. While chiplets represent the future, we must acknowledge that this future hasn't fully materialized for every aspect of computing, allowing us to look beyond the ""normie YouTuber AMD cults.""Indeed, I own a 7800X3D build and absolutely adore it! It excels in gaming... primarily in GAMING! Thus, there's no cause for concern. Let's briefly touch on the ""benefits"" like reduced thermals and supposed platform longevity (as if motherboard chipset upgrades and advancements in power delivery methods don't occur... humor me, over the planned 6 years). I, too, long for Z390 features on my Z790 board (/end sarcasm), not to mention the potential for longer boot times when tinkering with DDR5 or PBO, or even under normal conditions, and texture stutter/tearing... oops, and all those other delightful topics Lisa tends to highlight without addressing the influence of influencers with communications degrees rather than computer science degrees.  Just having fun, do what you love!I don't blame Amazon, Intel, AMD, or Nvidia more than the other. Manufacturing and shipping issues happen. The chip I received from Amazon didn't meet my expectations, but my other purchases have been exceptional. By chance alone, the other four 14900Ks I've received from various distributors have been stellar!Note:Settings in pictures are daily driven....No stability concerns all AIDIA 64 Stress tested for multiple hours and hundreds of gaming/workload hours.  I can get bus latency down to under 50NS but need to decrease core clock to locked 5.8GHZ to stay at safe voltage....  Depends what needs done, either/or is screaming fast even 55ns at that Bandwidth.",positive,2
"I'm not going to go over the same performance reviews others have done, yes its very fast for only $550 its the king of the poor mans build PC. my last PC its replacing was a $1000 10980xe and looking at the numbers the 14900k in average is 70-77% faster than the 10980xe. the only disadvantage between the 2 was the 10980xe had 48 PCIe lanes and ran 32c to 56c hot.i can't say the same about the 14900k heat, its spreader is almost half of the 10980xe. you can't just simply add a stock cooler or a ""MC'watercooler"" and expect the problem will solve itself. this is the first CPU in my 26 yrs of building PC's you have to plan out your cooler set up.ever since a 2012 water leak from these Mc'watercoolers (all in one 2 fan radiator kits sold by name brands) Ive never trusted them cost me $1500 in damages. The only water coolers that don't leak for me were the ones i built but water cooling is expensive and you have to inspect them at least every 3 months for debris in the tank or leaks. with air i only have to clean the pc 2x a year.yes you can control temps with an air cooler, and get the same temps as a 3 fan radiator water cooler. I'll post the results without adding a watt limit in the mobo post screen.here is the parts i bought to air cool running the new cinabench 2024 for 30 mins i can get max performance on a defualt non OC not hitting above 99C on the P cores1. Noctua NH-D15 chromax.Black | Dual-Tower CPU Cooler | 140mm | Black2. Noctua NF-A15 HS-PWM chromax.Black.swap (this adds a 3rd fan for the air cooler you'll need it)3. FDXGYH 4 Pcs CPU Heatsink Fan Buckle PC Mainboard CPU Radiator Fan 12CM Wire Buckle Upper Hook Type Fixing Clip  (these buckles are compatible with noctus 140mm fans)4. Easycargo 40mm Heatsink Kit 40mmx40mmx20mm (this you place on the flat base of the noctua cooler will help dissipate heat)5. Easycargo 100pcs Heatsink Assortment Kit Small Cooler Aluminum Heat (these you throw on the back of your mobo on and around the mount brackets you'll me amazed how adding heat sinks on the back of the mobo will reduce temps)6. Thermal Grizzly Kryonaut (this is the best thermal grease cooler by 1-2c cooler than artic silver mx 6)7. Thermalright Intel 12th/13th Generation LGA1700 Anti-Bending Buckle ( a must add a little thermal grease on the cpu side flaps this buckle is 100% aluminum will al help dissipate heat.then i went to my mother board software options (mobo is an MSI MEG Z790 ACE MAX) select ""CPU cooler tuning"" select ""tower air cooling"" which will limit the wattage draw to under 300w also note if you are not using a Water Cooling Reservoir  you should also use this option, water cooling a 14900k and OC really does require a reservoir, and a 4x 120 fan size radiator if you're simply using a pre-built 2x fan radiator its not enough to handle the 14900k and the CPU is known for drawing 370w plus!!so using air cooled i got a 2371 score with no watt limiter option an temps were 78-100c on the p cores, and with the 300 watt limit the score was  2328 with temps 70-99c never hit 100c case the limiter would kick in. (note this is from CPU testing that punishes the CPU realistically i don't see this CPU going over 88c even on the most demanding game in 3 years.i personally do not recommend OC this CPU its already been pushed to its limits by INTEL at best for another 100 watts when all you're getting is 3-4 more FPS and that's not worth it. and all these people bragging a 6.2-6.5ghz OC, there just flexing for clout, then they take the CPU back to default. i already have my P cores spiking to 6.002 at 288-300 watts, and under 99c temps; adding 0.198mhz will meaning nothing for apps and gaming.personal note the MSI MEG Z790 ACE MAX Gaming Motherboard is absolutely amazing at squeezing out all the performance of the 14900k worth the $700 price never crashed during testing that 26 power phases is godly  compared to my last gen EVGA x299 dark had 12 phase...RIP EGA :(",positive,2
This is something that a lot of people do not understand about processors. If you put too much voltage you are going to damage it. I want to delid it but I don't see the need and here is whyEven if I can get it 20 degrees cooler it will not matter It will still need 3.5 to 4.2 volts to stay stable at advertised speeds.I am running it @ 5.4 GHZ all P cores and this thing is unbelievably reliable . And maybe 10 seconds extra to render vs 5.7 to 6.0 GHZI get the point that ppl want to have the Bragging rights to say that it runs that fast but it will gwt damaged guaranteed 400 watts is a lot for that little unit. I think that 5.4 5.3 5.2 is more than enough specially when you have a total of 32 threads and gaming is practically single threaded . And most games are GPU bound. I only use it in the gaming department for Flight simulator and have not seen it above 68 degrees.I had a 4770 k and still running strong at 4.5 GHZ in a very small case.Intel is a beast and this I 9 is very good . Future proof for at least 5 years to come .Note. I have delided at least 20 cpus and the ones that got damaged were the ones that got a lot of voltage . They are very heat resistant but voltage just kills them .I have been running this cpu 24 /7 not an issueNot a blue screenJust underclock and undervolt and you are good to go This thing is a monster .,positive,2
"This is a nice processor that I use in a dev box.  I have it air cooled and can play Minecraft with shaders all day on it with my 4080GTX and 128 gigs of memory.  The only issue I have is probably my own fault, in that I learned that intel did that stunt where they introduced P and E cores.  I'm not sure if they are making straight performance core models by the time I write this but if you are a rabid gamer make sure you are getting that type of proc and not this proc.  Still, this proc will do just fine for me as I use this for hyper-v and development work.  I'm sure it will play all the latest games just fine. and If it doesn't I can just pop in a different proc.",positive,2
"Bueno vengo cambiando de una 12400F a 14600KF y el cambio es notorio estaba teniendo problemas con los cuellos de botella que me generaba en la RTX 4070 ti super y después de varios días con este procesador la fluidez y los FPS subieron mucho (alrededor de 40-80 FPS) obviamente se caliente un poco mas llegando a un máximo de 75C en blender pero en juegos es menor cerca de 65C y todo se siente muy bien.Excelente Procesador para mantener jugando por horas, estoy muy satisfecho con la compra.",positive,1
"The Intel Core i9-14900K processor is a beast when it comes to gaming and multitasking. With its 24-core configuration (8 Performance-cores and 16 Efficiency-cores), this CPU handles everything from intense gaming sessions to heavy-duty content creation smoothly and without a hitch. The unlocked feature allows for overclocking, providing additional performance boosts as needed. Integrated graphics are a great addition, capable of handling basic video tasks and supporting displays without the need for a separate GPU. This processor consistently delivers high speeds and reliable performance, making it a top choice for anyone building a high-end PC. Whether you're gaming at the highest settings, streaming, or juggling multiple intensive applications, the i9-14900K stands up to the challenge.",positive,2
This thing is a beast! Very powerful indeed.  Works flawlessly. I just finished building my desktop computer.  Very joyful to have and to play with.  I am very happy with the CPU.,positive,0
"I upgraded from an 8700k to this 14700k nearly 8 years later. Performance-wise, the difference is fairly negligible to me, and that is reflected in the 'real' specs. Going from 6 cores to 20 cores isnt really a 3x+ increase when most of those cores are 'efficiency cores'. User benchmark puts 14700k as only being 47% faster than the 8700k, despite being 8 years and 6 generations apart.The main improvement from my point of view is the reduced idle/casual power use. My UPS tells me that for my 8700k/1070ti system I drew ~0.43 Kw, and my new 14700k/4070ti super draws ~0.31 Kw watching YT, browsing the web (includes fans, monitors, etc).Mostly just wanted more balance for the new graphics card, since that's what does most of the heavy lifting these days anyway. AI image generation/training - GPU, video rendering/editing/transcoding - GPU, even audio processing/correction is done on GPU these days.",positive,2
"Overall this processor has worked well. I have had some minor issues with the PC crashing while playing games and I have not been able to pinpoint root cause. However, after doing some research, I did find that there are known issues with this processor. Had I known this prior to purchasing, I probably would have purchased a cheaper and more stable processor. Do your research prior to purchasing.",positive,2
It is very fast but it also runs very hot when running at full load. Be sure to build with a liquid cooler.,positive,2
"Be careful with cooling. Try to keep under 75 celcious, so water cooling is the best option here. Great performance and stability is achieved under 75 degrees. Using it for 3d graphic rendering. 5 stars.",positive,2
"In 2020 I made the mistake of switching to AMD. The system I built was so annoying. The fan would increase and decrease speed depending on the load, and it literally made the processor wait for the fan--at least that's how it seemed. Slowed everything down and made a lot of unnecessary noise. With my new Intel-based system, those issues are gone, and I have a lightning fast PC. Learned my lesson about AMD!",positive,2
The only reason I knocked down the rating under value for the money is because I feel Intel is charging too much for this product. But hey that's just my opinion. Anyways. Good product. Puts AMD to shame is all ways again in my opinion.,positive,2
"Great processor, well packaged. I like the wafer case. Very protected. Top of the line speed and quality",positive,2
Works great in new build! Only slight issue is I felt like there wasn't quite enough thermal paste... I had some leftover from a previous build so I added some additional just to be safe.,positive,2
"This processor has way better memory controller then my previews 12900k for my DDR4 clocking at 3950 MHz at 15-15-15-30 timing error free. I had heard about the 14900k has crashing issues so far I have no issues with Unreal Engine 5 games, Tekken 8, Battlefield 2042, etc, etc.... My cpu is running 59 GHz all P cores @ 1.35v limited power P1 and P2 @ 253 Watts, therefore, won't over heat and degrade the  silicon of my 14900k,  55° average temperature on gaming with a good cooler MSI MEG Core Liquid S360 - AIO at full speed push and pull fans. All my games runs extremely smooth at high frame rates with no stuttering.",positive,2
"The CPU is really strong for both gaming and video-editing/movie creation. Haven't had any issues within the past 6 months I've had this. Never gave any issues, no malfunctions and it never stutters and this is without O.C. the CPU.",positive,2
"Awesome CPU, and an absolute beast!I did not, however, recieve my code for Star Wars Outlaws. Amazon says it's an Intel thing, yet you cannot contact Intel to ask. Any ideas?",positive,0
I was afraid to purchase the 14th gen after all the talk of stability issues. When the the Bios fixes were mentioned I took a shot. I'm up and running with the power limits adjusted accordingly.,positive,1
"Still love Intel despite their lack of anything groundbreaking recently. CPU’s still work great for gaming, this one included. Works right out the box and went perfect with my new MSI motherboard too.",positive,2
Even running at the default 6.1ghz turbo settings the processor is extremely unstable and causes constant crashing.  Only way to stop it is to go in bios and set the core ratio to 57 max for power cores and 43 for efficency cores. Drove me nuts trying to figure out the problem for months also buy a hefty duty power supply if you're buying a 40 series rtx graphics card constant crashing of apps and games from lack of power to the graphics card from even a 1000 watt supply,positive,2
I was able to get 240fps in CS go and valorant without external GPU.I previously had 6th gen i7 and GTX980. And that couldn't pull this.Lightroom rendering is also good i am able to color correct 100 raw pics in seconds.I didn't expect this performance when i updated.,positive,2
"It's a processor. It's like any other processor that processes, only better.It destroys video editing and processor intensive brush strokes in Corel Painter. It has no problem with any kind of processing you can throw at it.Runs hot and causes the cooler to spool up when playing poorly programmed games, but the water cooler is up to the task. Still, it reveals what games are just piles of trash code.Just remember to update your BIOS because it's still a relatively new processor. And stay away from Windows 11.",positive,2
"Case: GOPIE Micro ATX Case T07 (branded as ABIT on the case)Motherboard: MSI MAG B760m Mortar WIFI IICPU: I9 14900kCPU Cooler: ID-COOLING SE-207-XT SlimDDR5: 64Gb T-Team Create Expert 6000Mhz (4 x 32Gb)3 x m.2 Gen4: Lexar - 1 x 512GB (OS)/1 x 1TB/1 x 2TBSSD: 1 x 4TB CrucialCase Fans: Thermalright TL-9015B CPU Cooler Fan 92mm (2 x Intake Bottom/2 x Exhaust Top/1 x Exhaust rear)PSU: Montech Century Mini 750w GoldGPU: N/AThe I9 14900k is a beast and runs hot. While doing benchmarks, a few Pcores would hit 100c while others would hit 92c. Ecores was about 87c and low of 83c on 4.3Ghz all Pcore and 4.2Ghz all Ecore. Offset voltage was at 0.3. After switching back to auto clock, I still managed the same temps, but getting 5.1-5.2Ghz on Pcore and 4.3 on Ecore. If my case allowed 120mm fans, I would of most definitely installed 240mm AIO cooler. That for sure would of helped with the temps and get me higher benchmark numbers.When it came to rendering a 20 minute 4k video on sony Vegas Pro 18 (IGPU only), it took about 15 minutes to complete it vs my I9 9900k that would of taken over an hour to finish it (RTX 3060). This system was meant specifically VR/light video editing. So, considering how fast it is on the rendering without a dedicated GPU, I am pretty excited about it. I haven't tried the VR aspect yet.Overall, if you are coming from a few gen older CPU and want to upgrade to the 14900k, you wont be disappointed.",positive,2
I'm using this as a server CPU mostly for the SR-IOV capable GPU stability has been an issue when running windows VM's on proxmox but in light of recent news about mainboard MFG's pushing the CPU too hard out of the box that may be the source of my stability issues as I mostly left the settings OOB for the CPU,positive,2
"Switching from a 5800x3d for my 4080 super.. this is one heck of a cpu. I only put a $60 280mm aio ""I'd cooling"" and put it on smart fan. After that gaming has been a breeze with crazy high fps that give me 99% GPU usage in every game. Jedi survivor is getting over 130fps with dlss quality on. Which is unheard of from everything I read. Totally glad I went with this over 7800x3d. Mobo was much cheaper with every bell and whistle I wanted. My newest build is definitely nice enough to leave any builder drooling.. Thanks to this cpu at its core.",positive,2
"Upgrading from a 10700KF to 14700K. Lots of forms posts are degrading this processor but I’m here to tell you it’s well worth the money! Just make sure to go to your BIOS and limit the power to 253W. The whole heat of this chip is blown out of proportion. I haven’t gotten heat issues while gaming.Overall I have this chip paired with a 3090, while I’ll wait for a new 50 series card.Some of the gains I’ve gotten at @1440P, 45 in ultra wide 21:9, max graphics settings:Overwatch: overall 50fps gain, consistent 240hz capped out for my monitor.Black Desert Online: overall 35-40 fps gains.These are the games I normally play a lot and it’s truly notice when upgrading to this chip. Overall the computer is a snappy and fast and haven’t notice any hiccups. Really great chip and planning on keeping this for the next 4-5 years.",positive,1
My husband built me a computer from scratch because my old one was to slow for him. The I7 was the last thing I needed. It was easy for him to install. It performs fantastic.,positive,0
"I bought this as an upgrade from my trusty i9 10900k. I was worried the performance boost would be marginal but I was pleasantly surprised to get a solid boost on 1440p with my rtx 4080 super. Playing Helldivers 2, my fps went from mid 70s-90s to 120-140s at everything maxed out. Playing VR sims like il-2 and DCS has mostly eliminated little stutters and performance drops. Similarly, MSFS 2020 at ultra settings in populated areas provides a smooth and stable experience. My temps generally stay around 65 to 75 underload/demanding gaming. I have seen brief spikes to 80. I'm using an EVGA CLC 280mm cooler. I may need to reapply thermal paste.",positive,1
Terrific performer for my needs.  Runs fast and pretty cool,positive,2
Installation was great! It was my first time building a PC and nothing went wrong!,positive,2
This 14th generation Intel Core i7 is a powerful and fantastic processor for a desktop gaming build.The product is well packaged with some assembly instructions that are easy to follow. I heartily recommend this computer processor for DIYs and computer enthusiasts.,positive,0
"Once they came down in price, I did get a i9-14900K as an ""upgrade"" from a i9-13900KF to  i9-14900K .  It's OK but I can't rave over it.  It is more of an sideways change rather than an upgrade.The i9-14900K is fast but not more so that a i9-13900K.  For me, the Cinebench R23 scores are about the same for 13th versus 14th gen.  Though the i9-14900K appears to run DDR5 more stably and at higher frequencies than the i9-13900K.  Also, the i9-14900K is enabled for XTU AI enable tuning in XTU but it's not that helpful.  I even wonder if it is worth getting a K at all, these CPU's are plenty fast for gaming without overclocking.I did NOT notice a significant improvement in the operating temperatures.  Maybe a slight improvement but I did flush out the cooling system and clean out the water block so I am doubtful that the running temps are better.  Also, I suggest that you NOT let these chips get anywhere near TjMax (100C).  I had one i9-13900KF literally fail due to allowing it to get to TjMax frequently when stress testing.  A second one became slightly flaky.I thought the built in ARC display support of the K version might be helpful since I intended to devote the graphics card to the gaming monitor and use the built-in ARC on a side display.  But as it turns out, it wasn't worth it for me.  If you are gaming with this level of processor, you really need a comparable graphics card but most of them will drive four displays.  IMO, you are better off getting a KF and spending the money so saved on better graphics card.The original asking price was insane, I bought it on a whim on a late night.  On the morning morning after, I had buyers remorse, tried to cancel but could not, so instead, I refused the package.  It took literally 6 months to get a refund.  That was rather irksome.",negative,2
Perfect,positive,2
"A lot of people are upset with the 14900k because of the minimal performance leap thar came between it and the 13900k. I say who cares. If you have a 13900k, don't upgrade, but if you have an older PC or 12th Gen, this is a worthy upgrade. I absolutely love mine. It's a monster of a CPU.I honestly don't recommend air cooling it. It can get pretty hot and there are only a small handful of air coolers that can handle this 14900k without setting power limits (which most people don't know how to do, let alone even know what that means)If you're not doing a custom water loop to cool your 14900k, I recommend you do what I've done to cool mine, you dont neeeed to, but it helps. I have an AIO (All-In-One Cooler) and I setup a push-pull configuration on my radiator. That means I have 3 fans on the bottom blowing in through the radiator, and 3 more fans blowing up and out of the case. Both are blowing upward. It creates more airflow. One side is pushing the air, the other side is helping pull that air through. Then I got a thermalright contact frame. Any LGA 1700 contact frame should work but the thermalright version is cheap. It might say 12th/13th Gen but it will also work on 14th Gen. So get an AIO, setup a push-pull fan configuration and get a contact frame. It's helping my Temps significantly. I typically stay in the high 50's or low 60's during 4K gaming. This CPU draws a ton of power so you might see it bump up to 80⁰ occasionally, for a very brief moment. (Maybe 1 second or less)",positive,2
I upgraded from an i9 - 11900K.  Pretty good performance increase on benchmarks.  I haven't gamed on it yet (still in the process of locking down cables and loose hardware)MB GIGABYTE Z790 AORUS PRO X,positive,2
"The processor is great and arrived sealed in good condition, however, the cardboard box had no protection and it could easily be damaged if it fell.",positive,1
Able to compile rust code way faster now.,positive,2
Like the idea of no onboard video heating up the processor.  The irony is i have a Asus pro art MB 750 model that does the integration of components. My station is primarily used as a work station though it scores well with PC Mark 10 and cinebench. 3D Mark declares the obvious that I need to upgrade my video card from several years ago. The ai over clocking helps in the bench marking significantly. Lot easier to overclock than in the early 2000's on my core 2quad. Enjoying my thermal right air cooler it does a great job for half the cost of my older noctua cooler on my prior haswell i7.,positive,2
Ooohhhhh boy this is fast and secksy. Maybe the women will love me long time for buying mmmmmm boy Im insecure,positive,1
"Wanted to purchase the unlocked version of the 20 core 14th gen processor and saw that this was a cheaper option at the time. All the description says is that ""Discrete graphics is required."" It would be much more helpful by adding a line that says the F version stands for no integrated graphics card. If you're doing any kind of workstation work such as video editing, most software will take advantage of the processor having an iGPU as well and so I'm actually losing performance with this model version. I'll have to return the item to purchase the correct version without an F. I would give it a full 5 stars if it had the line explaining the F version.",positive,1
This CPU is a absolute monster.  Period.  i love it .  i have it paired with a 4080 super.  Any new game i can usually pull 300 fps on any game!,positive,1
"I had some issues after install with Windows wanting me to buy it over again. While I was on with Microsoft tech support even they were like, ""that's a heck of a setup""...",positive,0
AMAZING AND RECEIVED SO QUICK! <3,positive,2
"I'm definitely gonna upgrade later but this is handling itself pretty well with dragon dogma 2 to fortnite and everything in-between, only gripe is that there's no small arrow on the actual CPU to indicate where to place it on motherboard so if you tossed the packaging without looking you might be bit confused with orientation otherwise good.",positive,2
"I previously purchased the 13th Gen version of this processor and it had a defect. Intel was very good at getting a refund sent via RMA, although it took awhile. I purchased this version instead and was pleasantly surprised to see all of my issues resolved. The CPU can handle almost everything thrown at it. Certainly a good purchase and better than the 13th gens that seem to have more issues.",positive,1
upgraded my pc from a 8700k to this bad boy. exceptional speeds and performance. temps are good and tasks are loading super fast !,positive,1
"Words truly cannot express how powerful, but also how hot this cpu is. After upgrading from a Ryzen 3700x to this, my work speed, gaming, everything cannot lay a finger on this thing. The only time's i've seen this truly cap out is during extreme compression, decompression, and specific rendering situations. The only con which isn't truly a con is that this chip can get incredibly HOT. If you're going to get this? I would absolutely suggest a 360 AIO cooler or you're going to experience thermal throttling, or even thermal shutdowns. That was my original issue, but quickly upgraded coolers, and this thing is a MONSTER.",positive,0
Works as advertised.,positive,2
"I have used this for my build and 3 others, didn't realize what the F is for...Get the K, it's not much more and worth the extra. That being said, this beast will do everything you want it to do and more.",positive,2
As a Gamer/Data Scientist/Programmer/Tinker I wanted a mainstream CPU built by a well established company. With Intel's i9-14900K CPU I have a top of the line general purpose chip which provides above average performance in all the computational fields I have an interest in. I only gave it a 4-star rating because I had hoped that Intel would have brought the 15th generation chips out in 2023 Q4 as they said rather than just the mobile chips.,positive,2
"This CPU is POWERFUL! It ran smoother and was able to open/load programs much faster than my Ryzen 7 5700G. Had no issues cooling this beast of a CPU with a 280mm AiO. If money wasn’t an issue for me, I would definitely buy another 14900K just to keep as a little souvenir hahaha.",positive,2
"I paired this with a ""GIGABYTE Z790 Eagle AX LGA 1700 Intel Z790 ATX Motherboard with DDR5, M.2, PCIe 5.0, USB 3.2 Gen2X2 Type-C, Intel Wi-Fi 6E, 2.5GbE LAN, Q-Flash Plus, EZ-Latch"" mobo and TGDGAMER ""T-240MM Black ARGB Liquid CPU Water Cooling with 240mm ARGB PWM Fan, Temperature Display, Computer Water Cooling"". The Intel application used AI to tweak my CPU to squeeze out more performance, but under 100% load it will often thermally throttle and sporadically hit 100C. I am considering finding a better cooler to keep up with this racehorse.",positive,2
i like it,positive,2
"This Intel 14700K is phenomenal! Lightning-fast speeds and seamless performance make every task a breeze. Whether I'm gaming, streaming, or working, it handles everything with ease.",positive,2
"Sorta came from a 13900k but I gave that to a relative after their x299/i9-7940x system began to have issues. He bought a z790 board and was amazed how far ahead the 13900k is in comparison an overclocked Skylake-X processor. He fixed the issue with the x299 system, but he decided to stay with Raptor Lake. All of which is okay by me because that old 13900k had no overclocking headroom, and I could only undervolt it by 5mv before it became unstable. I was going to buy another 13900k or maybe the ks version, but I decided to wait for the 14900k.The 14900k I got on the other hand has some overclocking headroom. I already set all P-cores to 5.8GHz, while keeping the double-core Turbo Boost at 6.0GHz. I also set the cache to 5.2Ghz and it's completely stable. I was not able to raise the multiplier at all with my 13900k. Just happy my 14900k isn't a lottery loser.While the clock of both the 13900ks and 14900k are the same, the 13900ks has a cherry picked memory controller. If you're looking to do a ton of RAM overclocking then the 13900ks may be the way to go.... but that's not to say if you'd get a 14900k with a good memory controller. Both my 13900k and 14900k work with DDR5-7200 RAM with XMP set, and no adjustments to the memory controller voltages.If you're buying the 14900k off the get-go and building a new system around it, then I recommend pairing it with a motherboard that has the BIOS Flashback feature.",positive,2
por la compra del procesador decía que regalaban un juego  no veo ningún código de canjede resto Intel es Intel lo mejor del mercado,positive,2
Excelente procesador super rápido lo recomiendo a los todos los que quieran actualizar su computadora o armar una nueva  yo lo utilizo con la tarjeta de video 4080 super excelente combinación..,positive,2
It's the current Intel flagship desktop CPU.We had to upgrade from 120mm to 240mm liquid coolers for it.IMPORTANT NOTE: You may need to manually set the max power and max amps in the bios. There's currently an issue that causes them to be set to insanely high values (4096W) by default causing the chip to become unstable under heavy loads.,positive,2
no calineta mucho pero utilizo un radiador 360 corsair,positive,2
"I built PC with the new Intel i9-14900k, and I must say, it's a beast of a processor. Coming from an i7-8700k, the performance boost is nothing short of incredible. Multitasking, gaming, and content creation have all seen a significant improvement. Multithreaded applications and gaming experiences run smoother.  It's a productivity powerhouse. The clock speeds are no slouch either, making it excellent for single-threaded tasks and gaming. The major downside of this CPU is the heat it generates. Even with a high-end cooling solution, it tends to run hot, and that's something you must take into consideration when setting up your cooling solution. Be ready for this CPU to draw a significant amount of power at full load. It can put quite a load on your power supply and might necessitate an upgrade if you're not already prepared. The Intel i9-14900k is an incredible processor, and the upgrade from an i7-8700k is substantial. Its exceptional performance in various tasks justifies its price tag. If you're willing to address these challenges, you'll be rewarded with a fantastic computing experience.",positive,2
this is kinda good for my GPU,positive,2
"No more lining up pins, now you just make sure this thing sits in the way it belongs and off you go! I've had an H170i on it the whole time but it barely gets into the 40's when under extreme load. For the price, the 14700KF is the way to go imho",positive,2
"Didn't get to use this because the motherboard I ordered with it was D.O.A. Not the seller's fault, of course. I ended up refunding.",positive,2
Must have 360mm water cooler for this cpu it runs very hot fast! My 260mm wasn’t enough to cool it down at all while gaming!,positive,2
"Not sure what more to say other than it's crazy powerful.  Make sure you have a high watt power supply to go with this and all the devices you plan to run with this.  And really don't go small on the CPU cooler.  This thing is good at figuring out when to throttle down.  You'll get it's best performance with a large aio water cooler.  If you can build your own water cooling system, better.Also, make sure your mobo manufacturer have  all the drivers available to work smoothly with these lines of processors.",positive,2
"This is the first time I've ever went for it and got an i9. I usually stick to the i7. I am so glad I decided to take the chance because this thing screams. To think that I can also squeeze out more by overclocking is just insane. Every application I've ran is so snappy and responsive. Being an impatient human, this thing makes me happier every time I turn it on. Power and Speed are right where I like it. This chip is just so damn sweet!",positive,2
"I was never a fan of Intel's business models of locking off cores/features to try and upsell the features back to the consumer.......That aside, Intel has always been the leader in the CPU market and while AMD has been making strides in recent years Intel is still the go to for reliability and power.Anyway.... if you have money to burn and need to upgrade due to artificial obsolesces that is the new craze of forcing people to upgrade.... well, this processor will last a long time... or until they just decide it's not capable anymore.",positive,1
"It arrived in a sealed package but it was stained and with a thumbprint on it. Looks like it might have had thermal paste removed? I'm not crazy about that because I paid for new, but it seems to work fine.",positive,1
"My benchmark is almost at 14k now with without overclocking.nVidia GTX 1080, 65gb 6400 ram and 2gb PCIE5 SSD, Gigabyte Z790 Elite x wifi7 motherboard.I won't need to change this setup for the next decade or so like I did with my last PC.Worth the money, but you'll need the right SSD to go with it.",positive,2
"great cpu, not as powerful as I thought it would be. Ended up going with a 14700k, just seemed a bit laggy even when running at  5.8 all core.. great cpu though and runs cool",positive,2
"May be a little excessive and unnecessary, but glad I got one when I did.  Sometimes these things get hard to acquire, especially at a decent price.Seems to run a little hotter than my Ryzen 9 7950X, so I went with dual 420mm,  If you buy this CPU you should really consider custom loops or large cases with 420mm AIO support.",positive,2
"New, great product, came as described and very fast at the same day!",positive,1
"Very good processor, upgraded form a very nice Ryzen 1700 (6 years old with me) to this one, decided to go intel due to memory stability. After 3 weeks I can say I love it, very nice temps while gaming and I've received around a 60% improvement in my games (I maintained my RTX3070). I'm currently using a NZXT Kraken Elite 360 AIO to cool it and it has been showing around 50-60 C during high intensive gaming which is very good. Went with this over the 7800X3D since I feel this is more future proof for productivity since I upgrade every 5-6 years. While I know the AM5 socket will last longer, anyways, every time I upgrade I also upgrade the motherboard. Very nice product, will recommend it.",positive,2
"This is an excellent, stable CPU. Care must be taken to keep it cool. It is a hot running CPU. To avoid heat throttling at 100deg Celsius in heavy duty gaming or testing, order a high end liquid cooler. For professional work and easy gaming a big block fan cooler will be just fine as it is much more quiet. To save a little  money, if at all, the I9-13900K will work just as well performance wise.",positive,2
"Awesome CPU thing can handle anything and everything for at least my needs as a gamer, and programmer! HIGHLY SUGGEST getting a 360 AIO or a custom water loop, and a CPU bracket if you are getting this CPU. It run's very hot getting a CPU bracket cut down my temps about 5-10 degrees. I'm not sure how good air coolers are for this CPU but I've seen a lot of people not suggest it. I use a 360 AIO Loop and it works great at keeping this thing cool!",positive,2
"I've built computers for more than 20 years, and I have never in my life had so much trouble booting with stock bios settings. I think I finally lost the silicon lottery. Using an Asus mb, I had to go into bios limit voltage and manually tune each pcore. Temps were wild and out of control 100°c, clock speeds were low thermal throttling, random crashes, blue screens inability to run simple programs without them crashing and shutting down. Tried intel xtu auto overclocking, ai suite, and asus ai overclocking via bios.. none of that worked. Had to just dig into bios, set limits, and manually tune each core. Now system is stable and solid. Been benchmarking and stress testing for a few days now. Temps are great, and I am happy. Not sure if mb is culprit, gonna get another board and test the chip. Just be ready for some trouble. Looked over many forums of others having the same issues.",negative,1
"WoW! What a beast, intel i7 14700K! it can handle any tasks in pc as game and everyday use.  No issues with it. Thanks for fast shipping!",positive,0
"Even you're getting hotter temps despite having great cooling, it's normal for this CPU.  It's a beast.  I recommend using a triple-fan-radiator AIO cooler to keep this bad boy as cool as possible. And make sure to blow the hot air OUT of your PC case.",positive,2
"The Intel i9-14900K delivers impressive performance with its high clock speeds and advanced architecture. It excels in demanding tasks like gaming, content creation, and multitasking, offering smooth and responsive performance. The integrated graphics are decent for light gaming and multimedia tasks. However, it's power-hungry and may require robust cooling solutions. Overall, it's a top choice for enthusiasts and power users seeking uncompromising performance.",positive,2
"Works just fine.  Looking back you can get pretty similar performance on a 13th gen and save like $30, or go up to the I7 which gives you two more performance cores.  It is working great though and cooler than the 14 gen I7 and I9.",positive,2
Works well on my new PC,positive,1
"This CPU is amazing. Feels like magic. I have it running in an Asrock PG Sonic 700 series, with 32GB GSkill DDR5 7200, and a Crucial T700 2TB PCIe 5.0 SSD and Cooler Master Masterliquid Atmos 360. Anytime u do anything, even click a icon the cpu jump up to 6Ghz. And for me stay under 30C Idle and under 70C Max Load. Never mind what temperatures it runs at, I can't get it to throttle. Seems like all of its power is available on demand all the time. And I'm basically computing in Real Time. The 13900K was fast, significantly faster then the 12900K, and this CPU even though on paper it doesnt look like they did much, and in benchmarks it looks close, it still feels like 15-20% faster the 13900K when your using it. I feel like it runs cooler then the 13900K, the 13900K was the hot chip. I don't know how they do it. Like I said it's like magic how it stays at 6GHz and stays so cool.",positive,2
"Love the processor, got it new and using with a rtx 4090 for 1440p. Have it paired with a z690 formula board and I have the ai optimize the cpu. On a 420 cooler it gets 60c at best with warzone 3 with 240 fps. Fast and consistent,  on a 240 cooler Temps got up to 71-81c keep that in mind. Love my purchase!",positive,1
I am normally an AMD person but recently ended up with an Intel custom rig. It had a low end intel CPU to start and I figured i would just upgrade to this instead of switching over to AMD again. Works wonderfully and it got rid of a bottleneck with the old CPU.,positive,1
"This latest i7 Intel chip is fast ,this 14th Gen chip is a worthy upgrade . Luv it !",positive,0
"I ordered 14700F because I need a CPU that has similar performance compared with 14700k but consumes less power, and I was wrong about it.1st of all, the CPU cooler come with the CPU is too weak and it limit the CPU to 65w with continuously load.The 65w power limitation severely undercut CPU performance and I get about 20,000 with Cinebench R23.A powerful cooler is definitely needed to cool down the CPU allowing it to run at 220w.With 220w on the 14700F, Cinebench R23 score has reached 33,000.For me, when 14700f paired with the original cooler, the 65w CPU is too weak for my need.In the meantime, with a powerful cooler, 14700f performs close (but not as fast) as 14700k and the 220w power consumption is not much difference compared with 14700kf's 250w PL2.Considering the price between 14700f and 14700kf, there is not much wattage difference between them.With this reason, I have decided to return it.Bottom line,For a price conscious buyer, then I think I5 is better choice because it is cheaper but performs similar compared to 14700f run at 65 watt.If you need more computing power like me, then I think14700k is a better buy.",negative,2
"Llegó todo excelente, rápido, y cuidado.",positive,2
