asin,text,title,location_and_date,verified,rating
B0CQ1M1YXM,"Intel i5 1440 10 Core/16Thread/with Intel 730 UHD graphics; Low profile; low heat; TDP 65W, paired with an Intel ARC graphics Card that is powered by the PCI-e slot.Great Home Theatre PC. Amazed at how good Intel is getting.",Snappy CPU Such Value for-<$250.00,"Reviewed in the United States on April 30, 2024",True,5.0
B0CQ27H8VY,"The CPU works great, but it was constantly 90C-100C on light duty.Definitely buy an aftermarket cooler.  The intel specs say 154watt power consumption on max load, so 150watt cooler may not be quite enough.I didn't want to take a chance and purchased a dual tower air cooler rated at +250w cooling.  It runs very cool and quiet.",Cooler is inadequate.,"Reviewed in the United States on February 8, 2024",True,5.0
B0CQ27H8VY,"This is a great product at a great price that runs cool with the included cooler. However, every motherboard manufacturer is now OVER VOLTING the CPUs causing them to run hotter and be less efficient so they can pass benchmarks with slightly higher scores at the cost of cooking your CPU. Look up the PL1 (long term power) and PL2 (short term power) ratings for your CPU and compare it to the massive over-volting your motherboard is doing to it without your knowledge or consent.In this case, the PL1 on a 14500 is 65w and the PL2 is 154w. My AsRock board was over-volting this to 219w+!!! No wonder it was cooking the CPU. This is not even an over-clockable CPU!There is a setting in the AsRock BIOS EZ screen to ENABLE INTEL POWER LIMITS, but it does not work! You need to go to advanced settings and find the long and short power limits and put them back MANUALLY to Intel's specifications.Now your chip will not over-heat, will cost less money to run, will last longer, be more reliable and you do NOT need to waste your money on more expensive coolers or thermal paste, nor waste your time installing and wiring all that up!!!!!!!",Included CPU cooler is great if you know your motherboard is over-volting your CPU by default,"Reviewed in the United States on March 19, 2024",True,5.0
B0CQ27H8VY,"The CPU performs great.  Good price.  Probably not for gaming, but I'm not a gamer.The cooler is not sufficient for this CPU.  I had to buy a better one.  I am happy with this one:ID-COOLING SE-224-XTS CPU Cooler 4 Heatpipes CPU Air Cooler 120mm PWM Fan CPU Fan for Intel LGA1700/115X/1200; AMD AM4/AM5I wish Intel would not include the cooler and give the false impression that it will be fine.  Don't cook your CPU; just buy a better one.","Great CPU, horrible cooler.","Reviewed in the United States on March 8, 2024",True,4.0
B0CQ27H8VY,"This is an upgrade from a 4 core processor I used to have. This CPU feels super fast in comparison. I really love it!I use this for gaming, I've never seen it get even close to 100% usage, but I don't play anything too demanding or at max settings.The fan that it comes with it's a little bit loud, but not enough to bother me, specially since I game with my headphones on. But I like that it comes with thermal paste pre-applied.",Amazing!,"Reviewed in the United States on May 16, 2024",True,5.0
B0CQ27H8VY,"This was an impulse purchase, but I'm glad I did it. The stock fan that comes with it is quieter than I was expecting, and installation was a snap.",Impulse purchase,"Reviewed in the United States on June 29, 2024",True,5.0
B0CQ27H8VY,"Switched to 14500 since my itx build cant handle 13900K, turned out I don’t feel any difference, and the fans don’t need to spin at full speed thus much quieter. For those who do casual office work and surf internet, watch youtube, play casual games, 14500 is very good choice.",Good for most office use and  games,"Reviewed in the United States on April 20, 2024",True,5.0
B0CQ27H8VY,Excelente producto,Excelente,"Reviewed in the United States on June 7, 2024",True,5.0
B0CQ27H8VY,"I love the chip but I noticed something strange. The stock cooler had hardened thermal paste on it. It looks like this was used and resold at a new price. I have never seen a stock cooler come with thermal paste on it and especially not hardened crusty thermal paste. I had to clean it off with rubbing alcohol. Other than that, the chip is a good one and a nice balance between great performance and efficiency with its 65 TDP. I just can't believe that the stock cooler had thermal paste on it and it appears to be used. I have never had that happen before.",I love the chip but.....,"Reviewed in the United States on April 4, 2024",True,4.0
B0CQ27H8VY,El core i5 de la generación 13 es muy similar. Lo compré ya que está más actualizado. Además el consumo de 65  watts que no requiere refrigeración líquida. Requiere una board actualizada a 14ava generación.,Buen procesador,"Reviewed in the United States on February 19, 2024",True,4.0
B0CQ27H8VY,recomiendo el artículo de muy buena calidad,producto de buena calidad,"Reviewed in the United States on February 26, 2024",True,5.0
B0CQ27H8VY,I like the CPU but I don't like that Amazon puts a LPN label over the Intel information sticker so you can't get the serial number for your records. You have to download a program from Intel and use a scanner that reads 10 mil data matrix codes or download Intel® Reverse Logistics Toolkit and use your phone camera to scan 2D Matrix,Amazon as they put LPN number sticker over the intel label so you can't get your serial number,"Reviewed in Canada on July 4, 2024",True,5.0
B0CQ27H8VY,マルチ画面で使用してスリープから開くと一つのモニターを上手く認識出来ず何回もついたり消えたり、ちょっと負荷がかかると3~4個のコアの温度が100℃近くに羽上がる、くそです。,性能がいいとは言えない。,"Reviewed in Japan on June 21, 2024",True,1.0
