asin,text,title,location_and_date,verified,rating
B09MDGKQLY,"Processors have gotten insanely affordable in the last few years. I got this bad boy on sale for $75, pair this with 32GB CL-16 3200mhz ram for $125 total. Insane deal for a great machine.",Great processor,"Reviewed in the United States on July 29, 2023",False,5.0
B09MDGKQLY,"Works great out of the box, stock cooler is much better than previous generations, overall value is still the best in 2023",Still the best value budget CPU in 2023,"Reviewed in Australia on February 2, 2023",True,5.0
B09MDGKQLY,Jala muy bien el procesador,Funciona muy bien,"Reviewed in Mexico on March 16, 2022",True,5.0
B09MDGKQLY,"📋 ⭐Descrizione del Prodotto⭐ :l'Intel® i3 12100F è un processore di 12° generazione,dotato di 4 coread alte prestazioni di ultima generazione e 8 thread,monta su schedemadri con attacco LGA1700,supporta le Ram DDR4 e DDR5,supporta leconnessioni PCI-E 5.0 e 4.0,ha un clock di sistema da un minimodi 3.3GHz e fino a 4.3GHz,ha un consumo minimo di 60W e 89W dipicco,non è previsto l'overclock per alzare ulteriormente lafrequenza operativa,ma supporta l'overclock delle RAM sia inDDR4 che in DDR5,questa funzione gli permette di guadagnarein prestazioni (soprattutto nel gaming) quasi paragonabiliall'overclock del processore se fosse sbloccato.Questa è in sintesi la sinossi di questo processore,il web è pieno di recensioni molto più tecniche chespiegano perchè l'Intel i3 1200F è al momento,la migliore ed unica CPU da gaming nellafascia dei 110/130 euro.Le prestazioni sono inequivocabilmente eccellenti per chidesidera giocare in full-hd mantenendo un budget basso.Inoltre in molti videogames se la gioca alla pari conprocessori dal costo quasi doppio e con qualche Core in più.Si difende molto bene anche nei benchmark a singolo core,tuttavia nei carichi con molti core perde qualcosa ovviamente.La doppia compatibilità sia con DDR4 che con DDR5 e conil PCI-E 4.0 e 5.0 ci permette di poter scegliere ancheuna scheda madre dal prezzo adeguato al nostro budget,come ad esempio una H610 compatibile con l'i3 12000Fma che supporta le sole DDR4 e il PCI-E 4.0.Quindi scheda madre economica e che monta RAM DDR4 facilmentereperibili a prezzi più umani delle DDR5 giusto per capirci,inoltre l'i312000F è prestante e competitivo anche con le DDR4 e vari testsul web lo dimostrano.📦 ⭐Confezione⭐ :La scatola è nel classico colore Intel,con sigillo da rimuovere,a riprova di un prodotto nuovo,all'interno troviamo il processorenella sua vaschetta in plastica,un ottimo dissipatore intel,adeguatoalla CPU in oggetto con già il cerotto dissipante applicato alla sua base,un sintetico manuale con attaccato nella pagina principale l'adesivo staccabiledi Intel® Core i3 da apporre,se si vuole,sul fronte del case.🚚 ⭐Spedizione⭐ :A cura di Amazon,quindi rapida,sicura econforme agli standard dell'azienda.📉📈 ⭐Considerazioni finali⭐ :Un ottimo processore dalle ottime performance se si vuole tenere la spesa inun certo range ma che si difende benissimo sia nel gaming che nei lavori ditutti i giorni.il mio voto personale relazionato al rapporto Prestazioni/prezzoè di ⭐⭐⭐⭐⭐ stelle.La mia scala di voto è così definita:⭐️ stella prodotto da evitare⭐️⭐️ stelle prodotto insufficiente,⭐️⭐️⭐️ stelle prodotto sufficiente,⭐️⭐️⭐️⭐️ stelle prodotto buono,⭐️⭐️⭐️⭐️⭐️ stelle prodotto ottimo.Spero che questa mia recensione ti abbia aiutato a capiredi che tipo di prodotto si tratta.Saluti...👋",La migliore CPU da gioco nella sua fascia di prezzo.,"Reviewed in Italy on October 6, 2022",True,5.0
B09MDGKQLY,"Easy installation, runs smoothly, and overall amazing performance, package arrived nicely and all was a smooth process. One issue however is the thermal paste is already applied to the fan that is provided, for those who wish to instal their own fan, thermal paste should be ordered separately as it isn't provided in a syringe.",Amazing,"Reviewed in the United Arab Emirates on June 10, 2024",True,4.0
B09MDGKQLY,"Le processeur Intel Core i3-12100F est idéal pour du gaming midrange en raison de son excellent rapport performances/prix. Avec ses quatre cœurs et huit threads, il offre une bonne puissance de traitement pour exécuter les jeux modernes sans problème. De plus, sa fréquence de base élevée et sa prise en charge de la mémoire DDR4 jusqu'à 3200 MHz contribuent à des performances fluides dans la plupart des jeux. En combinant ce processeur avec une carte graphique de milieu de gamme, vous pouvez obtenir une expérience de jeu très satisfaisante sans avoir à dépenser une fortune sur le matériel.",Parfait pour du gaming mid-range,"Reviewed in France on April 8, 2024",True,5.0
B09MDGKQLY,Ürünü sorunsuz bir şekilde aldım taktım oldukça kolay oldu teşekkürler.,Sorunsuz,"Reviewed in Turkey on December 7, 2023",True,5.0
B09MDGKQLY,"Muito bom, super recomendo",Perfeito,"Reviewed in Brazil on January 27, 2024",True,5.0
B09MDGKQLY,Fait bien le travail pourquoi il a été programmé,Parfait,"Reviewed in Belgium on April 16, 2024",True,5.0
B09MDGKQLY,"Muy fluido, con el entorno adecuado. Excelente relación precio prestaciones.",Bueno,"Reviewed in Spain on May 21, 2024",True,5.0
B09MDGKQLY,"Unglaubliche Geschwindigkeit und  spart auch Energie bei office Anwendungen!Schneller als einige Jahre ältere Core-i7-Prozessoren, die damals 700 Euro kosteten. Ideal auch zum Spielen, spielt alle neuen Spiele in FULL HD.",Schneller als  ältere Core-i7-Prozessoren aus LGA 2011-3,"Reviewed in Germany on November 23, 2023",True,5.0
B09MDGKQLY,all good works as should happy with purchase,good cpu,"Reviewed in the United Kingdom on May 7, 2024",True,5.0
B09MDGKQLY,stod när jag beställde att den skulle komma 5 januari sen dagen efter kollar jag och ser att den kommer 9 januari,kommer sent,"Reviewed in Sweden on December 30, 2023",True,2.0
B09MDGKQLY,"If you would be building pc just for gaming and slight editing or coding here and there this is perfect and the cost is really low considering what performance it gives, this CPU is by no means a low end CPU dont go gentle with that price the intel 12100f can easily handle GPUs upto gtx3060 or rx6800. Just go for it and say no to ryzen in this price for gaming.",This is the best you'll get in this price range Thats it!,"Reviewed in India on June 25, 2023",True,5.0
B09MDGKQLY,Gayet güzel  ürün  alabilirsiniz.,Hiçbir sıkıntı  yok alabilirsiniz.,"Reviewed in Turkey on December 5, 2023",True,5.0
B09MDGKQLY,Super processeur autant pour le gaming que le reste! couplé a une rx 6750xt c'est au top tous les jeux tourne a fond il a une super cadence et ne chauffe pas de trop avec un bon ventirad acheter a part .possibilité de l'oc en BCLK mais pas tenté j'en suis déjà très satisfait.,qualité au top,"Reviewed in France on April 9, 2024",True,5.0
B09MDGKQLY,O vendedor está de parabéns eu amei,Muito bom eu aprovo,"Reviewed in Brazil on April 26, 2024",True,5.0
B09MDGKQLY,"Il processore Intel Core i3-12100F è una scelta interessante per chi cerca prestazioni solide senza spendere troppo. Ecco alcuni dettagli sulla CPU:Prestazioni: Il Core i3-12100F è un chip quad-core che può gestire i giochi se abbinato a una GPU dedicata. È più adatto per attività come la navigazione su internet, il lavoro, lo studio e le videochiamate. Nonostante sia una soluzione economica, offre prestazioni affidabili.Efficienza energetica: Questo processore è progettato per offrire un buon equilibrio tra potenza e consumo energetico. Anche alzando i limiti, si vedranno miglioramenti modesti ma notevoli nelle prestazioni, senza compromettere l’efficienza energeticaPrezzo accessibile: Con un costo di circa 100-110 euro, l’i3-12100F rappresenta un’opzione conveniente per chi desidera giocare in Full HD senza esaurire il budget.In sintesi, se state cercando un processore economico ma capace, l’Intel Core i3-12100F potrebbe essere la scelta giusta.",Buon compromesso sia per qualità e prezzo.,"Reviewed in Italy on March 26, 2024",True,5.0
B09MDGKQLY,Läuft bis jetzt stabil.,Gute Lösung für low Budget Pc,"Reviewed in Germany on May 31, 2024",True,5.0
B09MDGKQLY,"Va como un tiro, puedes jugar a maxima resolución con la grafica adecuada sin cuellos de botellaHe pasado de un i5 de séptima generacion y la diferencia es abismal.",Gran procesador y economico,"Reviewed in Spain on October 1, 2023",True,5.0
B09MDGKQLY,"This is one of the best cpu in budget if you only looking for gaming.For productivity it not worth buying then you should go for i5 12400fBut for gaming and light cpu workload it work like butter smooth.I have teated some games in it , you can check it on my YT channel R tech studio.",Awesome,"Reviewed in India on November 16, 2022",True,5.0
B09MDGKQLY,Love this little bargain of a chip.,Beast of a processor,"Reviewed in Australia on July 22, 2022",True,5.0
B09MDGKQLY,It's fantastic for its price range for a beginner build and how it performs well for a budget CPU.,The price.,"Reviewed in the United Kingdom on April 26, 2024",True,5.0
B09MDGKQLY,Hält was Beschrieben ist,Einfach nur Gut,"Reviewed in Germany on April 8, 2024",True,5.0
B09MDGKQLY,"mi sono imbattuto nel processore Intel Core i3-12100F e sono rimasto piacevolmente sorpreso dalla sua potenza e versatilità.Prima di tutto, devo sottolineare la fluidità delle prestazioni.Grazie alla sua architettura moderna e ai quattro core fisici, il i3-12100F gestisce senza problemi tutte le attività quotidiane, dalle sessioni di navigazione web alle sessioni di gioco più impegnative.Ho notato un netto miglioramento nelle prestazioni rispetto al mio vecchio processore, specialmente in applicazioni multithreading.Una delle cose che ho apprezzato di più è stata l'affidabilità.Il i3-12100F si è dimostrato stabile anche sotto carichi di lavoro intensi, senza surriscaldamenti e senza compromettere le prestazioni.Questo mi ha dato la tranquillità necessaria per concentrarmi sul mio lavoro senza dover preoccuparmi di improvvisi rallentamenti o crash del sistema inoltre, devo menzionare la sua efficienza energetica.",Ottimo processore,"Reviewed in Italy on May 5, 2024",True,5.0
B09MDGKQLY,sadece işlemci gönderilmiş ne fanı var ne kutusu. Baloncuklara sarılmış bantlanmış ve gönderilmiş.,Kutu içeriği eksik geldi,"Reviewed in Turkey on March 30, 2023",True,3.0
B09MDGKQLY,"Ce processeur propose un rapport prix / performance incroyable. Il est aussi puissant que mon ancien 11700KF en simple coeur, et 20% plus lent seulement en multi-coeurs ! J'obtienais 2236/10151 avant (SC/MC) et maintenant 2231/8153 sur Geekbench 6. J'ai été très étonné, à l'usage je n'ai presque pas vu la différence en passant du 11700KF/Z590 au 12100F/Z790, excepté pour les travaux multi-tâches professionnels lourds. A ce prix là c'est vraiment impressionnant.",Fabuleux,"Reviewed in France on January 14, 2024",True,5.0
B09MDGKQLY,They perform better than even the 10th Gen i9. It’s absurd how well the current i3s perform when compared to high end chips from even two years ago.,I cannot comprehend how high performance these are,"Reviewed in the United Kingdom on October 11, 2023",True,5.0
B09MDGKQLY,"Siendo i3, se mea a otras generaciones anteriores debido a su alto IPC, y en juegos se nota. Rinde como un 10400, en juegos que pida mucho ipc, esta por encima de este.Tiene un precio bajo por el rendimiento que tiene pero tiene algo malo : las placas, son caras hasta la mas mierd*.De todos modos, lo recomiendo. la verdad. Si intel baja el precio de las placas, lo petan.",potencia bruta por tan poco,"Reviewed in Spain on April 3, 2022",True,5.0
B09MDGKQLY,"Veio processador e ventoinha, excelente custo benefício",Top! Chegou muito rápido,"Reviewed in Brazil on August 16, 2023",True,5.0
B09MDGKQLY,Va súper bien para el precio que tiene,Perfecto,"Reviewed in Spain on July 25, 2022",True,5.0
B09MDGKQLY,"Dieser Prozessor bietet exzellente Gaming Performance für sehr wenig Geld - der 12100F hat sogar eine höhere Singlethread Leistung als ein AMD Ryzen 3700X, und das ist angesichts des geringen Preises brachial gut (siehe Screenshot) - den mit ner RTX 3050 oder 6500 XT gepaart und man hat ein top Budget Gaming System für den schmalen Taler mit sehr viel Leistung für 1080p Gaming.Da kann ich nur raten: Zugreifen solange er noch günstig ist !",Mega guter Prozessor für 1080p Gaming - Zugreifen -,"Reviewed in Germany on May 13, 2022",True,5.0
B09MDGKQLY,L'emballage realiser par Amazon laisse à désirer pour des produit de ce type. cependant le produit fonctionne parfaitement les performances sont au rendez vous ! Le ventirad fournit suffit pour le refroidir je ne suis pas monter à plus de 60°. Très bon processeur pour du gaming,Bon produit,"Reviewed in France on November 11, 2023",True,5.0
B09MDGKQLY,"Intel da sempre offre prodotti di elevata qualità e questo i3 ne è un'ulteriore dimostrazione! Svolge il proprio lavoro egregiamente. Ottimo rapporto qualità/prezzo.Nella confezione è presente il dissipatore con ventola e lo sticker ""Core i3"". Come per tutti i processori Intel ""F"" necessità di essere accompagnato da una scheda video dedicata!",Ottimo prodotto (ricordatevi che serve una scheda video)!,"Reviewed in Italy on April 11, 2024",True,5.0
B09MDGKQLY,"Achar um fornecedor com prazo de entrega curto, muito bom.","Funcionando, entregue no prazo, bom prazo de entrega. Muito feliz, obrigado.","Reviewed in Brazil on January 15, 2024",True,5.0
B09MDGKQLY,Performance is good,Good,"Reviewed in India on November 11, 2023",True,4.0
B09MDGKQLY,Great CPU for the price.,Ideal for Budget gaming,"Reviewed in the United Kingdom on May 28, 2023",True,5.0
B09MDGKQLY,"Esta 12th generación de los intel con Alder Lake funciona muy bien, la he montado con la placa base Asus b660 prime con memorias ballistix y geforce 1050 (pensando en actualizarla luego a 3060), y tengo que decir que va como un tiro, carga rapido y consume poco. En contra: trae un muy pobre sistema de enfriamiento (CPU fan-cooler) que no recomiendo, suena bastante y bajo carga no mantiene al procesador a menos de 69 grados Centígrados de temperatura (y no vale lo del papel), lo solucioné con un enfriador cooler master hyper h411R que calza perfecto en LGA 1700.",Gran actualización,"Reviewed in Spain on April 12, 2022",True,4.0
B09MDGKQLY,"mtn un peu vieux , mais bien pour systeme debutant","bonne petite cpu,","Reviewed in France on March 12, 2024",True,5.0
B09MDGKQLY,"Product is good but by looking at packaging anyone can judge that it is used. While checking warranty found that out of 3 year warranty, 6 months is already passed.",Used or Unboxed product received,"Reviewed in India on August 24, 2023",True,3.0
B09MDGKQLY,"Mi piace come battono i cuori di questo processore, testato su diversi titoli tiene davvero il passo in modo spedito ed elegante così come dimostrano i video vs i5 gen 10 e 11, non è male per il piccolo di casa Intel, al prezzo giusto, che di questi tempi è raro trovare, si consiglia.","Processore Intel ""gaming entry level""","Reviewed in Italy on September 12, 2022",True,4.0
B09MDGKQLY,Bom,Bom,"Reviewed in Brazil on March 10, 2024",True,5.0
B09MDGKQLY,"Wenn die 4 Kerne reichen + dem Hyperthreading ist es schneller als ein 6 Kerner der vorletzten Generation.Speicherunterstützung ist Top und sparsam ist er obendrein.Guter 4 Kerner, Preis noch etwas hoch jetzt am Anfang, aber das Pendelt sich ein.Beiligender Kühler ist absolut ausreichen und nicht zu hören.Alles Bestens",Schneller als ein 10400f,"Reviewed in Germany on February 3, 2022",True,5.0
B09MDGKQLY,10/10 buy now !!!!,Bloody amazing,"Reviewed in the United Kingdom on June 10, 2022",True,5.0
B09MDGKQLY,"La caja estaba rota por las esquinas y en malas condiciones, entiendo que sea de la empresa de reparto, pero el producto era frágil.",Caja,"Reviewed in Spain on June 17, 2024",True,2.0
B09MDGKQLY,"As per the title, Intel's 12th gen lower tier stock cooler is pants. Don't waste your time installing it. Temps are high and it's constantly spinning up sounding like a light aircraft. Additionally if you are UK based and you buy from ""Amazon Global"" and need to return it for any reason, be prepared to have to pay the postage yourself and get reimbursed later. I think this is our fault (Brexit) but either way it's a massive faff","Stock cooler is worthless, and Amazon EU sent me an open box","Reviewed in the United Kingdom on March 3, 2022",True,3.0
B09MDGKQLY,Bon produit pour du gaming mais j'aurais du me tourner vers son grand frère le i5 12400f qui est très proche au niveau prix ....,Bon produit mais son grand frere est mieux positionné au niveau prix,"Reviewed in France on June 7, 2024",True,4.0
B09MDGKQLY,zum Aufrüsten für win 11 suuuuper. 1Stern Abzug da er ohne Grafickkarte wertloß ist,Super zum auf- und nachrüsten eines älteren PCs,"Reviewed in Germany on July 11, 2024",True,4.0
B09MDGKQLY,O melhor custo-benefício,Ótimo para quem quer gastar pouco e já tem placa de vídeo,"Reviewed in Brazil on August 25, 2023",True,5.0
B09MDGKQLY,Cpu stock cooler fan got broken with 1 blade in box was creating noise and virbration in cpu but processor was working fine so thought to replace but if replace it i dont know what i am gonna get with broken cpu chip so i replaced stock cooler with deepcool air cooler now it's working fine please don't buy critical pc parts from Amazon you may end up getting with broken parts worst packing,cpu with broken fan,"Reviewed in India on April 26, 2023",True,1.0
B09MDGKQLY,"Una CPU veramente eccellente. Se ovviamente si cerca un prodotto entrylevel. Dalle recensioni ha prestazioni da fascia superiore di qualche anno fa, la CPU ha 4 core con HT quindi gestisce 8Th.L'ho acquistata per un secondo PC in un case micro-ATX con una sola 92mm posteriore in estrazione. Come prestazioni e reattività la CPU è veramente niente male navigazione, riproduzione. Ho fatto qualche bench tipo CPUZ e va un pò di più del mio R5 1600 in multi (6c/12t) e molto di più in ST.In buona sostanza se cercate una CPU per uso navigazione, riproduzione, produttività leggera, gaming (magari retrogaming su giochi DX11) è il prodotto giusto. Se fate gaming su giochi moderni (DX12) e con obiettivo di refresh sostenuti (anche minimi) allora meglio un 12400 o superiore (parlando di Intel).Ho fatto dei test con Intelburntest e la CPU resta a 4,089GHz su tutti i core con T di 75° in inverno e 82° a Luglio. Premetto che uso il dissi stock ho solo cambiato la pasta termica (arctic MX4).  La ventola tende a girare un po' veloce per tenere la T sotto controllo, comunque non è rumorosissima anzi. Diciamo che secondo me il dissi è un pò al limite però tiene la CPU a bada. Fosse un i5 (sei core) consiglierei una soluzione aftermarket.",Ottima CPU entrylevel,"Reviewed in Italy on August 15, 2022",True,5.0
B09MDGKQLY,Excelente para todas as tarefas diárias e até para uso mais intensivo como jogos. O ventilador incluído podia ser mais silencioso.,Excelente custo-benefício,"Reviewed in Spain on June 20, 2022",True,4.0
B09MDGKQLY,Top,Melhor custo benefício,"Reviewed in Brazil on November 18, 2023",True,5.0
B09MDGKQLY,"Pretty cool in terms of temperature, powerful due to new architecture and reliable. Works more than a month in pair with an RTX 2060. No problems occurred during this time, I truly recommend.","Reliable, fast and efficient","Reviewed in Germany on August 6, 2023",True,5.0
B09MDGKQLY,"The Processor is Good & Works Fine. But The Delivery was awful, one of the blades of the fan was broken. As i already had another dedicated cpu cooler, i didn't raise a return. I expected Better from Appario. Apart From this the Processor itself works fine.",Good Cpu but awful Delivery,"Reviewed in India on June 20, 2023",True,1.0
B09MDGKQLY,"Cette 12ème génération de processeurs Intel est décidément excellente !Depuis 20 ans, je n'avais acheté que du AMD, mais à le lecture de nombreux tests qui avaient mis en avant les qualités du 12100F, j'avais donc décidé de franchir le pas.Au départ, je voulais un processeur à la fois suffisamment puissant dans les jeux, et qui ne chauffe pas (et donc qui ne consomme pas). Déjà parce qu'il était destiné à être placé dans un HTPC, ayant par essence un airflow un peu compliqué, et ensuite car je souhaitais optimiser le rapport performances/énergie.Je pense que c'est mission accomplie. En lecture de films, ou pendant l'écoute de musique, le processeur Intel et la carte graphique (GTX 1660 TI)  ne dépassent pas chacun les 35°c, et grimpent respectivement à 47°c et 62°c lors des sessions de jeux.Je précise que le 12100F est refroidi par un ventirad Low Profile Noctua NHL-12S, appuyé par un ventilateur Arctic P12, et est fixé au socket par un cadre d'ajustement, sensé éviter les déformations de la surface du processeur, de marque Thermalright.En terme de puissance, ce processeur peut-être associé à n'importe quelle carte graphique sans limiter le potentiel de cette dernière, sauf peut-être celles au-dessus des très puissantes AMD RX 6900 XT et des RTX 3080 TI.En applicatif en revanche, l'Intel pêchera un peu sans pour autant être ridicule. Sachez qu'elle a autant de répondant qu'un haut de gamme d'il y a 4 ans.Pour résumer, au regard du prix, le 12100F est ce qu'il se fait de mieux pour un ordinateur destiné à un usage polyvalent et économique.",Idéal pour les jeux et le multimédia.,"Reviewed in France on October 6, 2022",True,5.0
B09MDGKQLY,"Ci hanno insegnato che i processori i3 non sono adatti a videogiocare, sono passato da un i5 4440 a questo. un bel salto avanti in termini di prestazioni. riesce a tenere il passo con tutti i giochi di nuova generazione ad un prezzo più che ottimo, non spenderei mai 347 per un i7 di 12° generazione ne 472 per un i9, sono felice di aver speso solo 1/4",95 euro spesi bene,"Reviewed in Italy on November 5, 2023",True,5.0
B09MDGKQLY,RAS,parfait,"Reviewed in France on July 10, 2024",True,5.0
B09MDGKQLY,"Gran bel processore entry level, poco energivoro ma comunque buone prestazioni",Ottimo,"Reviewed in Italy on January 18, 2024",True,5.0
B09MDGKQLY,"Dentro do esperado,",Show se processador,"Reviewed in Brazil on October 2, 2023",True,5.0
B09MDGKQLY,"also ich bin streamer und ehrlich, ich hatte einen eigentlich besseren CPU besorgt, der hier aber war viel besser, ka warum aber dieser cpu mit der richtigen Grafikkarte macht absolut seinen Job und für diesen Preis, einfach wow das ding ist super",einfach wow,"Reviewed in Germany on November 28, 2022",True,5.0
B09MDGKQLY,bien,bien,"Reviewed in France on May 19, 2024",True,4.0
B09MDGKQLY,Dans la lignée des commentaires 4 et plus. Rien à redire. Je recommande.,Très bien,"Reviewed in France on April 29, 2024",True,5.0
B09MDGKQLY,"Questo baby mostro è pazzesco per il costo..scalda pochissimo e scheggia da fare paura.Lo uso in qualunque ambito, anche games, non da mai segni di cedimento.In questa fascia di prezzo non esiste CPU migliore, la consiglio.",Mostriciattolo,"Reviewed in Italy on March 7, 2024",True,5.0
B09MDGKQLY,"Ottimo sotto i punti di vista, un entry level perfetto per il mondo del gaming dopo un anno di utilizzo non mi ha dato alcuno problema",Perfetto,"Reviewed in Italy on March 14, 2024",True,5.0
B09MDGKQLY,BonjourLe microprocesseur intel I3 fonctionne très bien mais il n'est pas compatible ave la carte mère azus Z790-Pc'est la seule raison du retour effectivement il a fait l'objet d'un retour mais je vous est expédié déjà le premier processeur avec le ventilateur. remboursement de celui-ci me permettra d'acheter un processeur compatible.Je vous remercie.,L'echange est très important on peut choisir un matériel qui sur catalogue parait convenir,"Reviewed in France on February 8, 2024",True,5.0
B09MDGKQLY,"Excellent processeur qui est supérieur à un i7 de génération 8.Efficace en jeu, mais moins performant sur certains logiciels professionnels, notamment les logiciels dédiés au rendu.Toutefois le venti-rad proposé en série est limite. Monte à plus 3000 rpm à pleine charge ce qui occasionne pas mal de bruit.Le processeur atteint les 80 degrés en phase de stress test, ce qui est correct, mais pas optimum ( il y a 20 degrés de marge avant l arret de sécurité, toutefois même en jeu le processeur atteint rarement les 60%).Investir dans un venti-rad ne sera pas un luxe.Dans le cas où vous utiliseriez quand même de le venti-rad de série, pensez à prendre de la pâte thermique. Intel est assez radin et le peu qui est déposé sur le socle du venti-rad est largement insuffisant.","Bon processeur, venti-rad à éviter","Reviewed in France on June 12, 2023",True,4.0
B09MDGKQLY,"Processore buonissimo, per 30 euro in più sinceramente avrei preso i5 poichè risulta leggermente migliore nel gaming. Ciò non vuol dire che non sia adatto per giocare perchè mi sto trovando tutt'ora benissimo",Ottimo processore,"Reviewed in Italy on November 30, 2023",True,4.0
B09MDGKQLY,Très bon CPU,RAS,"Reviewed in France on March 1, 2024",True,5.0
B09MDGKQLY,Pour une centaine d'euros probablement l'un des meilleurs rapport qualité-prix à l'heure actuelle.,Très bon,"Reviewed in France on February 7, 2024",True,5.0
B09MDGKQLY,Produit parfait pr commencer un setup,Petit budget,"Reviewed in France on February 6, 2024",True,5.0
B09MDGKQLY,"Das einzige was mir nicht gefallen hat is der Versand. Die Verpackung war offen, verbeult/ beschädigt. Aber die Cpu ist top und dem Kühler ist nichts passiert.",Sehr gutes Preisleistungsverhältnis,"Reviewed in Germany on September 24, 2023",True,4.0
B09MDGKQLY,Velocità ecepcionale,Excelente,"Reviewed in Italy on January 4, 2024",True,5.0
B09MDGKQLY,"J'ai pris ce CPU après avoir vu les tests qui sont vraiment impressionnant pour cette gamme. Pris pour faire une petite config de jeu style Roblox pour un enfant, ça passe à l'aise et je sais qu'elle pourra le garder quelques années encore.",Très bon CPU,"Reviewed in France on October 18, 2023",True,5.0
B09MDGKQLY,Bien,Processeur,"Reviewed in France on January 22, 2024",True,5.0
B09MDGKQLY,Pas assez spécialiste pour commenter,Pour le montage de mon Pc,"Reviewed in France on August 19, 2023",True,4.0
B09MDGKQLY,"Cosa dire? Best buy! Un piccolo missile ad un prezzo zero! Questo processore è indicato per build fhd e 1440p con abbinamento di una discreta GPU dedicata. Io lo uso tutti i giorni, funziona benissimo. Testato con il PC di mio fratello questo i3 strappa qualche fps in più confronto al 5600x su PC di mio fratello. (Stessa GPU e ram) non scalda nulla e consuma pochissimo. Quindi bastano alimentatori non esagerati, e dissipatore enormi. 4 core fisici e 4 virtuali. Ottimo per tutto. Consigliato al 100% per build da 700/1000€",I3,"Reviewed in Italy on October 16, 2022",True,5.0
B09MDGKQLY,prodotto originale spedito in tempi brevi. ottimo processore per utilizzo in ambito office e grafica.,intel i3-12100f,"Reviewed in Italy on October 18, 2023",True,5.0
B09MDGKQLY,"Le processeur en lui même pas de soucis, hormis le fait que son contrôleur mémoires se limite à de la RAM 3200 max.Mais le ventirad est beaucoup  trop Light pour le jeu. Occt fait monter la température à 82 degrés en seulement 1min30, avec 25 degré ambiant,jai stoppé le test pas eu envie de l'emmener à un thermal throttling.Edit, j'enlève encore une étoile pour le ventirad 24 degré ambiant, sur les jeux , il flirte avec les 80 degrés lors des pleines charges. Et le bruit insupportable du ventilateur qui, en jeu, est direct très haut dans les tours pour ""descendre"" , péniblement, la températureJe commande un vrai ventirad....J'ai finalement pris un Cooler Master, le jour et la nuit.. Sinon il y a le snowman à 20/25e mais pas de kit 1700 dispo sur Amazon semble-t-il .",Ventirad inefficace,"Reviewed in France on June 24, 2022",True,3.0
B09MDGKQLY,il fait clairement le travail pour les petit et moyenne config personnellement je l'ai mis avec une 2060 j'ai de meilleur performance que le i5 10400f on voit clairement une amélioration par rapport au anciennes gen alors que c'est un i3 mais attention si vous utilisez le ventirad fournis avec changer la pate thermique sur le processeur mon processeur monté a 95 degrès  en jeu avec leur pate thermique qui était préapliquer une catastrophe j'ai du racheter de la pate thermique pour que ce soit stabilisé a 60 je ne sais pas si j'était malchanceux avec la pate mais surveiller vos température pour vérifier au cas ou,bon processeur MAIS,"Reviewed in France on October 24, 2022",True,3.0
B09MDGKQLY,"J'ai vérifié les compatibilités, changé carte mère, puis ram, puis alim ne croyant pas que ca puisse venir du proc.. et pourtant.. il semble bien ce ca soit le cas, j'ai jamais vu ca en 20 ans de montage de pc.. mais bon.. il y a un début a tout, dommage que ca tombe sur moi :S",recu produit qui ne fonctionne pas,"Reviewed in France on June 8, 2024",True,1.0
B09MDGKQLY,"Excellent processeur pour le gaming au budget restreint.Très sous-estimé, le i3-12100 est la petite ""GTI"" des processeurs.C'est Le meilleur rapport qualité/prix pour de l'entrée de gamme.Excellent rapport conso/chauffe/perf.Les performances sont les mêmes que ses homologues en i5/i7 et r5/r7 lorsque coupée avec un GPU milieu de gamme.Elle n'a rien a envier, sauf si vous avez une centaine d'euros à mettre en plus sur un i5-12400 ou un r5-5600",Petite Bombe !,"Reviewed in France on July 8, 2022",True,5.0
B09MDGKQLY,"Sorprendente i3, poca spesa e tanta resa. Ho assemblato un pc da zero partendo da lui, un grande salto in avanti dal mio vecchio Phenom II x4. Tanti lamentano che sia un i3, collo di bottiglia futuro e bla bla bla. Se volete spendere di più fatelo, ma questo regge tranquillamente ogni titolo attuale, costa poco ed è nuovo. Rapporto qualità-prezzo eccezionale.",I3 con le p*lle quadrate,"Reviewed in Italy on September 2, 2022",True,5.0
B09MDGKQLY,"In questo periodo storico dove i prezzi sono andati alle stelle, chi vuole giocare a computer senza pretese ha ben poche opzioni. Questo processore è un buon candidato. Purtroppo se si passa ad editing video o streaming a livello medio alti, comincia a rallentare, ma dopotutto è pur sempre un i3, progettato per un uso casalingo.",Ottimo compromesso,"Reviewed in Italy on October 2, 2022",True,5.0
B09MDGKQLY,très bon processeur ; ne chauffe pas .parfait et rapide.,nickel,"Reviewed in France on July 29, 2023",True,5.0
B09MDGKQLY,"Un bel processore, montato su una MSI PRO H610M-B DDR4 va alla grande, anche se mi aspettavo di meglio rispetto al suo predecessore I3 10100F .Comunque tutto ok, anche la consegna !",Intel Core i3-12100F,"Reviewed in Italy on January 5, 2023",True,5.0
B09MDGKQLY,"Le meilleur processeur gaming pour petit budget, un monstre de puissance pour a peine 100€, si vous comptez vous monter une machine pour pas cher c'est le must have, au delà d'une RX 6600 XT ce CPU va brider votre carte graphique en 1080p mais a plus haute resolution sera tout de même extrêmement efficace comparé aux processeur de gamme supérieure.",proceseur gaming,"Reviewed in France on July 8, 2022",True,5.0
B09MDGKQLY,"Produto entregue rapidamente pelos Correios, bom vendedor, recomendo.",Entrega,"Reviewed in Brazil on August 25, 2023",True,5.0
B09MDGKQLY,monté sur CM Msi mag mortar Max b660m.... overclocké à plus de 5Ghz... niveau perf/prix y a pas mieuxje précise que c'est un processeur destiné au gaming,un bijou pour le gaming,"Reviewed in France on March 3, 2023",True,5.0
B09MDGKQLY,"Il processore più economico del 2022, ma che si comporta benissimo in game, l'ho associato con una RTX 3060 Ti e non mi posso lamentare.. i 240 fps per i monitor a 240hz li supera e li mantiene in modo eccellente.",Best buy 2022,"Reviewed in Italy on June 27, 2022",True,5.0
B09MDGKQLY,"J’ai acheté ce CPU pour renouveler mon PC de bureau, à vocation multimédia et jeux genre Diablo ou Starcraft .Et bien … quelle ne fut pas ma surprise quand j’ai vu qu’il était aussi rapide en jeux que le 3700x de mon simulateur de pilotage ! Une vraie fusée pour un prix ridicule.",Performances etonnantes !,"Reviewed in France on April 11, 2022",True,5.0
B09MDGKQLY,Très bon processeur pour mettre a jour une z690 a moindre cout sinon c'est totalement obsolète.,Bon pour mettre a jour une z690,"Reviewed in France on March 16, 2023",True,5.0
B09MDGKQLY,Habe die CPU für einen Office-PC gekauft. Für diesen Zweck absolut in Ordnung.,Guter Kauf!,"Reviewed in Germany on December 13, 2022",True,5.0
B09MDGKQLY,"Acheté pour mon frère il en est très content, utilisation spécialement pour du gaming ( elles ring, Overwatch, dying light 2...)Je recommande. Le ventirad est joli aussi.",Super produit,"Reviewed in France on November 19, 2022",True,5.0
B09MDGKQLY,bella cpu,ottimo,"Reviewed in Italy on April 30, 2023",True,5.0
B09MDGKQLY,petit processeur ultra doué qui permet de jouer ou de travailler sans jamais être en défautpour le prix il ne faut pas hésiter .A noter que la prochaine génération de processeur Intel utilisera le même socket LGA 1700,"Intel Processeur Core i3-12100F Alder Lake-S (3,3Ghz) (sans iGPU)","Reviewed in France on July 18, 2022",True,5.0
B09MDGKQLY,"Alors on pourrait dire que un I3 c'est bof,mais il a vraiment une sacré puissance. Fait tourné des jeux comme ciberpunk avec une rx6600 on 60fps 1080p. I3 sur papier mais la puissance d'un I5 recommande si petit budget",Surpris,"Reviewed in France on July 16, 2022",True,5.0
B09MDGKQLY,Als Upgrade vom einen i5 4. Generation.Funktioniert tadellos.,"Gutes Teil, Klasse Preis/Leistung","Reviewed in Germany on November 16, 2022",True,5.0
B09MDGKQLY,"Runs like a beast , haven’t had any noticeable issues so far.",Amazing!,"Reviewed in Germany on October 1, 2022",True,5.0
B09MDGKQLY,Mais rien n’est cassé par un heureux hasard,Carton très abîmé,"Reviewed in France on April 22, 2023",True,3.0
B09MDDX29R,"Der Intel Core i3-12100 Prozessor aus der 12. Core-Generation bringt frischen Wind in kompakte NAS-Systeme. Als Einstiegschip der aktuellen Alder Lake-Architektur bietet er nicht nur ausreichend Rechenleistung für anspruchsvolle Server-Aufgaben, sondern überzeugt auch mit einer sehr effizienten Energiebilanz.Das moderne Hybrid-Design aus vier Performance- und vier Effizienzcores ermöglicht einen stets ausgewogenen Betrieb. Anspruchsvolle Aufgaben wie Video-Transcoding, Multitasking oder Containerisierung werden über die schnellen P-Cores mit hoher Taktrate bewältigt. Für weniger komplexe Hintergrundprozesse übernehmen die stromsparenden E-Cores den Job.Mit Boosttaktraten bis 4,3 GHz aus der Box bietet der i3-12100 auch ohne Übertaktung enorme Performancereserven für rechenintensive NAS-Workloads wie Videostreaming, Multimediaservices oder Datensicherungsaufgaben. Die moderne Skylake-Architektur und 12MB intelligenter Cache beschleunigen die Datendurchsätze zusätzlich.Der geringe Strombedarf erlaubt den Einsatz üblicherweise kühlerer und leiser Netzteile und Kühlsysteme. Das reduziert die Betriebskosten und Lärmbelastung des NAS erheblich.Der Core i3-12100 erweist sich als äußerst wandlungsfähiger Performancebringer für anspruchsvolle Heimanwender und Semi-Profi-NAS-Systeme. Die perfekte Kombination aus modernen Funktionen, Power und Effizienz zu einem sehr attraktiven Preis.",Energieeffizienter Performancekick für den NAS,"Reviewed in Germany on March 9, 2024",True,5.0
B09MDDX29R,"Performance , Quality, Speed ,Value for Money  is  Good","PERFORMANCE, QUALITY","Reviewed in India on November 1, 2023",True,5.0
B09MDDX29R,Ótima qualidade,Processador,"Reviewed in Brazil on December 1, 2023",True,5.0
B09MDDX29R,Peut tout faire mais je l'ai choisi pour ses capacités de vitualisation,Idéal pour un serveur maison de virtualisation,"Reviewed in France on January 3, 2024",True,5.0
B09MDDX29R,"PROCESSORE TRANQUILLO PER UFFICIO.CON UNA POTENZA BASE DI 6OW E TURBO DI 89W LA CPU E' SILENZIOSA.E' OVVIO CHE SE LA SI FA' ANDARE AL 100 PER CENTO IN MULTY CORE LA VENTOLINA STOCK UN PO' SI SENTE  MA ,A MIO AVVISO ,ACCETTABILE.CON CINEBENCH 2024 HO RAGGIUNTO 60 GRADI MAX CON UN CASE HTPC(AIR FLOW NON ECCEZIONALE)E DIREI OTTIMO!POSSIBILITA' DI USARE DDR5 FINO 4800MHZ.CONCLUSIONE:PROMOSSO A PIENI VOTI.",I3 12MA GEN,"Reviewed in Italy on January 22, 2024",True,5.0
B09MDDX29R,"Great for general use and gaming, boosts nice and quick without generating too much heat. Integrated graphics are useful for when a dedicated video card isn't available.",Fast and efficient,"Reviewed in the United Kingdom on May 6, 2024",True,5.0
B09MDDX29R,Fiz a troca por um I5. I3 não atende demanda para jogos e softwares.,Bom porém para uso básico,"Reviewed in Brazil on September 9, 2023",True,5.0
B09MDDX29R,mast hai bhai le lo working is good.,i3 12th gen processor intel,"Reviewed in India on October 20, 2023",True,5.0
B09MDDX29R,"Montato, tutto ok al primo colpo, Intel sempre una garanzia come compatibilità e prestazioni.",Intel sempre una garanzia,"Reviewed in Italy on December 20, 2023",True,5.0
B09MDDX29R,All what u need for pc in 2023,Good procesor,"Reviewed in the United Kingdom on December 2, 2023",True,5.0
B09MDDX29R,"Parfait, livraison rapide",Parfait,"Reviewed in France on December 31, 2023",True,5.0
B09MDDX29R,Super :-),Super :-),"Reviewed in Germany on May 19, 2024",True,5.0
B09MDDX29R,Tutto ok,Processore,"Reviewed in Italy on September 18, 2023",True,5.0
B09MDDX29R,"Ich setze diese CPU's auf einem Asus Mainboard für Office-PC's ein. Für diesen Einsatzzweck optimal geeignet. Genug Power zu einem fairen Preis. Qualität von Intel halt. Wer damit Gamen möchte, sollte lieber zu einem i5 oder i7 greifen.",Intel halt,"Reviewed in Germany on March 19, 2024",True,5.0
B09MDDX29R,"Those who are looking for budget processor for 'basic use' , they can go for it. This processor is perfect for them.  simply don't waste your money on high end processor , which may not required for your work.",Perfect for beginners,"Reviewed in India on October 21, 2022",True,5.0
B09MDDX29R,"Second one of these i have purchased-good general processor with integrated graphics that performs like a  6-core,ryzen 5 5600 in gaming","Good value,all round chip!","Reviewed in the United Kingdom on July 12, 2023",True,5.0
B09MDDX29R,PC !,Correspond à mes attentes,"Reviewed in France on July 23, 2023",True,4.0
B09MDDX29R,Today's i3 easily beats yesterday's i7. It's fast and the igpu is a bonus.,Fast,"Reviewed in the United Kingdom on September 14, 2022",True,5.0
B09MDDX29R,Better than 10th gen I5 10600.What fo you ask for?Motherboards are really pricey now a days.,Just Excellent,"Reviewed in India on June 4, 2023",True,4.0
B09MDDX29R,"Ne chauffe pas (31°) avec le ventirad d'origine, très véloce, ça me change de mon Core 2 duo 3Ghz acheté en 2009 ! Le meilleur rapport qualité prix dans le bas du moyen de gamme. Acheté initialement en seconde main sur Amazon. Problème de qualité, pâte thermique enlevée, surface de contact rayée, remboursé sans pb. Préférez du neuf, pour éviter une mauvaise surprise.",Très bien,"Reviewed in France on July 1, 2023",True,5.0
B09MDDX29R,"Wenn euch ein eine flotte Quadcore CPU grundsätzlich ausreicht und als Backup eine Onboard Grafik nicht schaden kann, dann braucht man hier ja nicht groß überlegen. Sparsam sowieso und heizt sich dementsprechend auch mit billigeren Kühlern nicht groß auf. Wenns ums Gaming geht dann solltet ihr halt schaun ob der jeweilige Titel  nicht schon mehr als 4 Cores abzufen kann (Cyberpunk z.B.) dann holt ihr mit einem 12400 6 Core natürlich mehr fps raus.",Flotter Arrlounder für wenig Geld,"Reviewed in Germany on December 25, 2023",True,5.0
B09MDDX29R,"Ho acquistato questo processore per assemblare un pc per un utilizzo prettamente da ufficio e pur essendo la versione base dei processori Intel desktop di 12a generazione sono rimasto piacevolmente colpito dalle prestazioni.La scheda grafica integrata UHD 730 si comporta bene ed è in grado di visualizzare e decodificare video fino alla risoluzione 8k, quindi mi sento di consigliare questo prodotto anche a chi ama guardare video e film. Riproduce correttamente filmati in 23,976p, 24p, 25p, 29p, 30p, 50p, 60p inoltre decodifica in hardware anche video codificati con il recente codec AV1. Il dissipatore abbinato è più che sufficiente a tenere sotto controllo le temperature.",Ottimo processore per uso ufficio/multimedia,"Reviewed in Italy on June 6, 2022",True,5.0
B09MDDX29R,"Utilisé pour mise à niveau d'une tour avec carte mère Gigabyte et barrettes mémoire Corsair. Le pc a redémarré pour l'installation des pilotes, il n'a pas été nécessaire de réinstaller Windows.",Correct,"Reviewed in France on April 12, 2023",True,5.0
B09MDDX29R,Articolo in perfette condizioni e funzionante.Spedizione tracciabile e molto rapida,Perfetto,"Reviewed in Italy on July 13, 2023",True,5.0
B09MDDX29R,Bestes Preis/Leistungsverhältnis,Perfekt für Windows 11,"Reviewed in Germany on March 31, 2023",True,5.0
B09MDDX29R,Working fine,Good for regular use in office of home,"Reviewed in India on June 28, 2023",True,5.0
B09MDDX29R,This processor can run gta 5 at 29-30 fps with 8gb Ram and no graphics card!,Very powerfull processor!! This one comes with 730 uhd graphics,"Reviewed in India on September 11, 2022",True,5.0
B09MDDX29R,"acquistato per una configurazione bassa-media per uso ufficio e un po' di video editing, fa il suo lavoro senza problemi, piccola pecca la ventola che dissipa il calore, basta che si alza un minimo la temperatura e comincia a fare un lieve ronzio ma è sopportabile",ottimo processore,"Reviewed in Italy on December 3, 2022",True,5.0
B09MDDX29R,ä#öjiä,Preis-/Leistungsverhältnis,"Reviewed in Germany on March 30, 2023",True,5.0
B09MDDX29R,Parfait correspond à la demande,Parfait foncez !!!!,"Reviewed in France on January 28, 2023",True,5.0
B09MDDX29R,très bon produit,Intel Core i3,"Reviewed in France on December 27, 2022",True,5.0
B09MDDX29R,"Processore estremamente rumoroso. Il dissipatore del processore fa un rumore pazzesco anche per le operazioni più leggere, navigando in web. Le buone prestazioni sono visibili anche in game, ma il rumore è assordante, spesso ho le cuffie. Ho dovuto comprare un dissipatore a parte per poterlo usare normalmente",Processore estremamente rumoroso,"Reviewed in Italy on March 30, 2023",True,1.0
B09MDDX29R,Once it delivered... I unboxed the processor it has a broken blade...,CPU cooler fan blade broken,"Reviewed in India on January 23, 2024",True,1.0
B09MDDX29R,it is too early to comment on the durability and the warmth of the product.,Question of satisfaction too close to the acquisition.,"Reviewed in Germany on December 8, 2022",True,5.0
B09MDDX29R,affordable gaming CPU.marginal performance improvementcompare 12100 with asus h610 & 16gb 3000mhz ram to my i3 3570 3rd gen with B75 motherboard & 8gb 1600mhz ram on PUBG 10-20 fps increase.( crucial SSD and 1660 graphic card)but smooth no lagwill install windows11 and seebetter get 12400 or 12600 for gamingor wait 13th gen i5,affordable gaming CPU.  marginal performance improvement .better get 12400 or 12600 for gaming,"Reviewed in India on June 22, 2022",True,3.0
B09MDDX29R,Tarif très agressif pour des performances largement au dessus du positionnement du CPU.  Très bien pour économiser pour l'achat d'un GPU.,Très bon compromis.,"Reviewed in France on May 31, 2022",True,5.0
B09MDDX29R,"Ho acquistato questo processore per una build dall'ottimo rapporto qualità prezzo consigliata dal canale YouTube ""Prodegeek"". Devo dire che le prestazioni mi hanno davvero stupito! Nessun problema di performance per un pc utilizzato in ambiente W11 e prevalentemente per editing immagini e lavori di grafica CAD/vettoriale. Ho scelto la versione con grafica integrata in attesa di scegliere una scheda video dedicata che non preveda la vendita di un rene.",OTTIMO,"Reviewed in Italy on May 26, 2022",True,5.0
B09MDDX29R,reçut dans une enveloppe sans boîte ni ventilateur.juste le processeur comme ça... en vrac,pas de boîte ni ventilateur,"Reviewed in France on April 17, 2024",True,3.0
B09MDDX29R,Suffisamment puissant pour de la bureautique et lire des vidéos 4k,Un bon processeur,"Reviewed in France on November 7, 2023",True,2.0
B09MDDX29R,"Tutto benissimo secondo le mie aspettative. Forse il prezzo un poco alto.Grazie tante, comunque.",Affidabilità e prezzo.,"Reviewed in Italy on January 13, 2023",True,5.0
B09MDDX29R,"Intel uguale garanzia, arrivato ben imballato e funzionante al 100%",I3 1700,"Reviewed in Italy on December 5, 2022",True,5.0
B09MDDX29R,"Can't launch even a small game, hangs all the time.  But it's with graphics processor but graphics doesn't work properly.  It is with graphics processor in name only.",graphics very bad.,"Reviewed in India on September 14, 2023",True,1.0
B09MDDX29R,ottimo,ottimo,"Reviewed in Italy on April 6, 2022",True,5.0
B09NPJX7PV,Its a damn good budget CPU. Great for 1080p -1440p gaming and everyday use with low power draw and heat output. No IGPU so you'll need a GPU of some kind in your build but that's about it,Its a damn good budget CPU,"Reviewed in the United States on March 23, 2024",True,5.0
B09NPJX7PV,"This cpu is part of my upgrade from socket 1200 to socket 1700. This cpu is noticeably faster than the one it replaced, a 10th generation Intel i5. This cpu runs very cool and provides plenty of power for my everyday computing needs, which do not include gaming. My system currently runs the Zorin OS (Linux) smoothly and efficiently with temperatures sometimes under 30 degrees. Just remember that with this cpu you need a graphics card as the chip does not have that component. It is a nice touch that this cpu is compatible with either DDR4 or DDR5 memory. Just check the standards for the motherboard you intend to purchase. Best of luck with building your own desktop.",Nice upgrade,"Reviewed in the United States on March 24, 2024",True,5.0
B09NPJX7PV,Really good for budget builds,Its Really Good and Underrated,"Reviewed in the United States on April 21, 2024",True,5.0
B09NPJX7PV,Getting over 100fps and even 150fps in some cases with a 6600XT OC (while keeping VRAM usage under 6gb of course) on new games.This is a great CPU if you're on a budget,What a great budget CPU,"Reviewed in the United States on May 22, 2024",True,5.0
B09NPJX7PV,Works like a charm. For all my Steam Games it works very well. Did some benchmarking and got very decent numbers. I used it with 16 MB DDR4 3200 MHz RAM and an RTX 2060 I had lying around. Used Valley and Supposition with VSYNC on for 1080P and had solid 60 FPS. VSYNC off got 80 to 100 FPS. CPU usage was never above 25 percent.,Must use a GPU with this CPU for Gaming,"Reviewed in the United States on June 30, 2024",True,5.0
B09NPJX7PV,good,works properly,"Reviewed in the United States on April 29, 2024",True,4.0
B09NPJX7PV,"El procesador Intel Core i3-12100F ha superado todas mis expectativas. Desde la instalación rápida y sencilla hasta su rendimiento fluido y eficiente en tareas diarias y juegos ligeros, este procesador ofrece un excelente valor por su precio. Destaca por su eficiencia energética y capacidad para manejar múltiples aplicaciones sin problemas, siendo ideal para quienes buscan mejorar su experiencia informática sin gastar demasiado. Recomiendo altamente este procesador, respaldado por una experiencia positiva con el vendedor, que proporcionó un servicio de entrega rápido y eficiente.",Recomendación basada en el uso,"Reviewed in the United States on July 11, 2024",True,5.0
B09NPJX7PV,"I loved the i3-12100f because it is very cheap, but performs and likely wont bottleneck any of your GPUs (Unless your using a 4090 or sum). I saw fps numbers well above the hundred mark when playing many triple A titles, and it can go over 2 to even 3 hundred fps on esport titles. I paired it with a 6650xt","Great performance for the price, it is amazing for a budget build.","Reviewed in the United States on November 24, 2023",True,5.0
B09NPJX7PV,"We only bought this to update BIOS on a new motherboard in order to use a newer CPU.  This lil guy was a perfect solution to not further cripple our collective wallets, and we got the update run at long last!  And now we have a spare CPU in case disaster strikes... again.",It Sure Is A Processor!,"Reviewed in the United States on May 16, 2024",True,5.0
B09NPJX7PV,"I used this to build a pc for my wife. The performance on this CPU (depending on supporting hardware) matches or exceeds many CPUs available at both similar and higher price points. If you are truly going for a budget build, it is hard to beat this below $100.I built her system with 16GB of DDR4 3200 ram, and an RX 6600 for the GPU, and she has no problem running anything either gaming or productivity.I don’t recommend going as cheap as you can on the motherboard, if you get this though. The performance on this can be great but you have to get supporting hardware to maximize it.",Budget Gaming King,"Reviewed in the United States on April 13, 2024",True,5.0
B09NPJX7PV,"Bought as a test CPU to see if motherboard was working, didn't use long, but seemed to be a good sub-$100 option.",Does the job,"Reviewed in the United States on May 7, 2024",True,5.0
B09NPJX7PV,"Performs as expected, but you do need a GPU for video output. Just spend the $30 for the iGPU (i-3 12100) version (works great as a Plex/Emby/Jellyfin/etc media server).",Cheap CPU,"Reviewed in the United States on April 18, 2024",True,5.0
B09NPJX7PV,"I didnt expect much from an i3, but once again I was blinded by the label. This product holds the price to performance of a console KILLER. It's single core power is up there with the ryzen 7000 series processors, supporting ddr5 ram at only 90 dollars WITH the cooler. Assuming your average cooler is about 10 dollars, you really can't go wrong with an 84 dollar cpu capable of 500+ fps on minecraft, 300+ fps on valorant, etc.I will say though, a quad core cpu in 2023 is a bit questionable, since you'll have extra issues streaming and recording games. The cache is also pretty low for this cpu, but you really can't hate too much on a 90 dollar cpu at this magnitude of performance.Overall solid cpu, more than I need for games and editing. DONT BE BLINDED BY THE I3 LABEL, IT PERFORMS UP THERE WITH RYZEN CPUS AND 10TH GEN I7S!!!",Better than the Ryzen 5 5500!!!,"Reviewed in the United States on October 22, 2023",True,5.0
B09NPJX7PV,works well for low end gaming pc if paired with a 6650 for me love it,i3,"Reviewed in the United States on April 8, 2024",True,5.0
B09NPJX7PV,for the money not bad for basic home computing starter CPU just wait and later buy an i9 14th gen CPU they kick asssss.,12th Gen i3-12100F desktop processor,"Reviewed in the United States on March 18, 2024",True,5.0
B09NPJX7PV,"all good, im using this pc now... for once the pc is working",good,"Reviewed in the United States on March 20, 2024",True,5.0
B09NPJX7PV,"If your on a price crunch i highly recommend this processor. It will eat just about any game, but dont expect 19 performance",Great for a budget build,"Reviewed in the United States on March 3, 2024",True,5.0
B09NPJX7PV,"Bought this for my modernity pack coming from an AMD hex-core. This little quad core slaps the FX series around in almost very manner, including lower power consumption. Pair this with a decent MoBo and RAM, and you have a great foundation. My only complaint, and it's small, but they don't include any thermal paste in the box, but meh.",Fantastic little chip.,"Reviewed in the United States on January 2, 2024",True,5.0
B09NPJX7PV,Good enough to game with and under 100$,Ballin on a budget,"Reviewed in the United States on January 9, 2024",True,4.0
B09NPJX7PV,Great performance for the price. Cooler it comes with is great.,Best budget cpu,"Reviewed in the United States on March 10, 2024",True,5.0
B09NPJX7PV,"Really great CPU, budget friendly. I recently build my pc and paired with rx 6600",Budget friendly,"Reviewed in the United States on March 5, 2024",True,5.0
B09NPJX7PV,"Este pequeño amigo puede con todo y más!!! tírale juegos de realidad virtual juegos AAA Battlefield call of duty Microsoft flight simulator, edición de fotografía y video .no necesitas comprarte el 14,900 de última generación este pequeño amigo no consume absolutamente nada de corriente, y te mantiene el sistema estable para poder jugar y hacer tus actividades por horas sin ningún problema .con las temperaturas más bajas que he visto en un procesador ...es una maravilla!",Monster,"Reviewed in the United States on November 23, 2023",True,5.0
B09NPJX7PV,"This has enough power to play ALL games.  I don't have a single one in my library that uses more than 50% of this CPU.  It plays GTA 5, satisfactory, far cry 6, cities skylines, and it can even play UEBS 2 with 4 million A.I. enemies.  I've only ever seen this hit 100% on benchmarks.Just because it's an i3, don't think it's weak.  12th gen i3's are more powerful than i7's of older generations.Don't buy the i5, i7, or i9.  This is more than enough.Update 5-25-2024This processor is still going strong and can still play modern games.  Runs sons of the forest like a champ never hitting 100%.  Unfortunately I have found 2 games this struggles to run.  Star citizen and grey zone warfare.  It is 100% the entire time on both of these games.  Grey zone warfare can still run at 80fps on ultra settings at 4k, but Star citizen bogs down so bad it's almost unplayable.  But still, even in 2024 it's still a great buy and I still recommend.",More power than I'll ever need,"Reviewed in the United States on January 20, 2023",True,5.0
B09NPJX7PV,Good if you doing light work or no serious gaming. I returned and went with a 5600x,Nice beginner/budget cpu,"Reviewed in the United States on February 18, 2024",True,5.0
B09NPJX7PV,The price this little quad core comes in at really is incredible. Sure it's quad core but this is not the i3 of the past (well kinda is but you know what I mean). 4.3ghz single core with 8 threads means this think is a mini gaming beast. It can do 1440p gaming (with capable card of course) and I have been doing just that. The only reason I will be moving on from it is for the 6 core i3 in 14th gen. Best believe though I will be making another inexpensive PC with this when I upgrade. I have a spare 5500xt that should make for a quality 1080p second machine for when I visit home to my mom's. 5/5 stars.,Unbelievable it performs this well,"Reviewed in the United States on July 17, 2023",True,5.0
B09NPJX7PV,"Amazing cpu for less then 100$. I put this into my build and it is VERY fast. I can play any game with no issues paired with Rx 6600. I would recommend upgrading to a better cpu in a year or 2 like a 12400F, but it isn’t necessary. If u are building a budget build then this is an awesome choice tho it will slowdown on you in a year or 2 so that’s why I’m gonna upgrade to 12400F soon",Powerful little beast,"Reviewed in the United States on August 8, 2023",True,4.0
B09NPJX7PV,"Normally I buy i7 processor machines, but I bought three of these for some basic gaming machines and they work great. Good benchmarks, no issues with gaming.",Great performance,"Reviewed in the United States on January 21, 2024",True,5.0
B09NPJX7PV,Insane cpu for budget builds,One of the best budget gaming cpus,"Reviewed in the United States on February 25, 2024",True,5.0
B09NPJX7PV,"Lo mejor en calidad precio para gamer de entrada, rinde muy bien la verdad lo recomiendo",Excelente,"Reviewed in the United States on February 1, 2024",True,5.0
B09NPJX7PV,Good processor for office and games,Good processor,"Reviewed in the United States on February 18, 2024",True,5.0
B09NPJX7PV,"This CPU comes with a cooler and a diagram showing how to attach said cooler. However the diagram showed use of a bracket on the motherboard and it did not have one in the box. Luckily I planned on using my own cooler anyways, however I can't overlook that as it would be frustrating to anyone relying on their box cooler to be ready to go",No cooler mounting hardware,"Reviewed in the United States on July 25, 2023",True,4.0
B09NPJX7PV,"It came inside an Amazon bag, so the box bumped a little, as can be seen. Works great for gaming and office work as well, paired with a fast SSD and nice RAM sticks.","Great, fast and reliable","Reviewed in the United States on December 7, 2023",True,5.0
B09NPJX7PV,"I have this installed in an ASUS PRIME PLUS-D4 with an M.2 970 EVO Pro 1TB, ZOTAC 2080, 32GB VulcanC DDR4, AZZA Spectra 280 case with 7 fans.  Running 1080P maxed out CyberPunk 2077 @ 57-60fps WHILE streaming was more than I thought this 'lil dude could handle. Third day stock cooler couldn't keep up so I threw in a Deepcool cooler in there! Never goes above 70C now.... Love this build :)",AMAZING Bang for Your Buck BUT BUY An AFTERMARKET COOLER!,"Reviewed in the United States on September 9, 2023",True,5.0
B09NPJX7PV,Works great,Best for the price,"Reviewed in the United States on February 11, 2024",True,5.0
B09NPJX7PV,"It is exactly what it shows and described on the promo. Works like a charm. I'm even surprised myself of how great is performing in my system. Comes with the whole shebang ready to install and also comes ready to install on the motherboard (Silver Thermal Grease CPU Heatsink Compound Paste). No need to put anything, just peel off the plastic and install... Awesome.",I freaking love it... Awesome for gaming and also for daily use PC at home,"Reviewed in the United States on September 21, 2023",True,5.0
B09NPJX7PV,"It’s an intel processor, it’s gonna work, and it’s gonna work as expected. Good product, package was fairly banged up and the cpu is shipped visible at the top of the box standard from intel, I was lucky the cpu didn’t get damaged, cause the box sure did",It works,"Reviewed in the United States on October 15, 2023",True,5.0
B09NPJX7PV,"I’d like to state that this isn’t a high end part. This is an $80 cpu with only 4 cores and 8threads but those are incredibly fast cores and pairing it with an appropriate gpu like the 3060, 6600(xt) and possibly up to the 3070, 6750xt, and 6800xt at 1440p or higher will run those gpus without an issue. Anything higher and you’d already be spending a lot for the rest of the system so just get a better cpu.",For $80 you get a lot of gaming cpu power that doesn’t consume much power,"Reviewed in the United States on July 26, 2023",True,5.0
B09NPJX7PV,"If you look you will see this but I didn’t expect this processor to lack onboard graphics, just leaving this review so others know.",Does not have integrated graphics,"Reviewed in the United States on August 29, 2023",True,4.0
B09NPJX7PV,Plan on buying a separate cpu cooler because the one that was included is bad quality and easily broken so unless you are an incredibly careful person order a separate cpu cooler but the cpu is great value for the money,The included cpu cooler is bad quality,"Reviewed in the United States on July 28, 2023",True,4.0
B09NPJX7PV,CPU is amazing for it's price. Decent performance compared to the predecessors. Pack it with RX 6600 and you will be happy playing your favourite games without hassle.,Great price/performance CPU.,"Reviewed in the United States on November 23, 2023",True,5.0
B09NPJX7PV,Works perfect 👍🏼,Perfect,"Reviewed in the United States on January 17, 2024",True,5.0
B09NPJX7PV,Me faltan otros componentes para ponerla a trabajar.,Mi procesador nuevo.,"Reviewed in the United States on December 27, 2023",True,5.0
B09NPJX7PV,Perfecto,Perfecto,"Reviewed in the United States on January 20, 2024",True,5.0
B09NPJX7PV,"I’ve paired it with a RX 7600. Works pretty well with it. I’ve not experienced any issues so far.You may push to get a i5-12400F for higher cores if your budget allows it. Otherwise, this is a great starting point for a budget PC build.",Great for a budget build,"Reviewed in the United States on September 9, 2023",True,5.0
B09NPJX7PV,This is a great CPU to buy. It is good value. It also gives me high performance in gaming. It was also easy to set up. So far it has no problems.,Great CPU,"Reviewed in the United States on October 8, 2023",True,5.0
B09NPJX7PV,I like the price and this little cpu does a great job with the 3060 gpu. Play games great at 1080 and stays cool with the stock cooler that comes with it.,Great CPU,"Reviewed in the United States on May 22, 2023",True,4.0
B09NPJX7PV,Good cpu but the cooler was a pain to install.,Great CPU,"Reviewed in the United States on November 19, 2023",True,5.0
B09NPJX7PV,"For $100 you get yourself a 4-core processor with hyper-threading without turning your environment into an oven. The cooler included is able to handle the processor through gaming with no issues and may be able to do even heavier workloads. I have been using this CPU as entry-level into 12th/13th gen platforms. I have had no issues running many game titles, though should not expect top performance in triple A title games.",Fantastic for the Cost,"Reviewed in the United States on May 13, 2023",True,5.0
B09NPJX7PV,I was shocked by the incredible performance of this CPU. I love it. Incredible performance in a small package,Little beast,"Reviewed in the United States on October 27, 2023",True,5.0
B09NPJX7PV,If you aren't planning on a GPU bigger than a 3070/6700 XT then go with this CPU. It is a beast for the price! I have built and sold 7 pc's with the 12100f and haven't had one single issue. Also the box cooler is great if it comes in without blades being broken. I had 3 come in like that.,Why Spend More?,"Reviewed in the United States on May 3, 2023",True,5.0
B09NPJX7PV,"Beast for the money.  Didn't quite work out with dlss frame gen and ms flight simulator, but slayed anything else.",Beast,"Reviewed in the United States on October 4, 2023",True,5.0
B09NPJX7PV,Great product fast shipping,Great product fast shipping,"Reviewed in the United States on November 9, 2023",True,5.0
B09NPJX7PV,"This CPU is really good for people who are looking to build a gaming PC on a budget. I am using it for my gaming PC, and its performance is really good for its price.",really good CPUfor budget pc,"Reviewed in the United States on August 4, 2023",True,5.0
B09NPJX7PV,"I have this in my plex server for transcoding. I try to only direct play, but cant always do it. This thing transcodes flawlessly. I am impressed",I use this in my plex server,"Reviewed in the United States on August 27, 2023",True,5.0
B09NPJX7PV,"Es una maravilla de precesador, llego en muy buen estado el paquete y solo me tardo 9 dias en llegar a colombia Lo recomiendo 10/10",Es muy bueno para su precio :o,"Reviewed in the United States on August 19, 2023",True,5.0
B09NPJX7PV,Lo compré porque creía que la nueva arquitectura y las nuevas tecnologías que traía la 12va generación de Intel serían muy diferente y más potente que las generaciones anteriores pero en mi caso solo hubo un rendimiento de alrededor de un 5% con este procesador.,No actualiza si ya tenías un i3 10gen o parecido,"Reviewed in the United States on September 24, 2023",True,3.0
B09NPJX7PV,"I recently upgraded to the newest entry level Intel i3 processor and I'm very impressed with its performance. It's perfect for everyday tasks like browsing the web, working on documents, and streaming videos. It's also surprisingly capable when it comes to more demanding tasks like photo and video editing. Overall, I think this processor is a great value for the price and I would definitely recommend it to anyone in need of a reliable and affordable option.",Intel i3 processor provides reliable performance at an affordable price,"Reviewed in the United States on December 9, 2022",True,5.0
B09NPJX7PV,"En la BIOS me ha costado configurar el procesador con algunas de sus funciones con respecto a velocidades, frecuencias y voltajes, pero funcionalmente está bien y con el disipador de stock no supera los 70°",Algo difícil de configurar,"Reviewed in the United States on February 3, 2023",True,4.0
B09NPJX7PV,"Todo iba muy bien y a los 6 meses de uso, dejó de funcionar.",Se dañó en 6 meses de uso.,"Reviewed in the United States on August 27, 2023",True,5.0
B09NPJX7PV,I recently bought a 12th gen MB for a high end oc and I needed a bios update before I can use my 13th gen. So I got this bc the mb don’t support flash bios but it served its 1 day use purpose and got returned for my 100$ back,Cheap 12th for some bios help,"Reviewed in the United States on March 22, 2023",True,5.0
B09NPJX7PV,Waiting for the graphics card. But it's working well with the Rx 5700 that is in there til then.,So far so good,"Reviewed in the United States on July 20, 2023",True,5.0
B09NPJX7PV,Probably the best 100 dollar cpu out there.,Amazing,"Reviewed in the United States on September 22, 2023",True,5.0
B09NPJX7PV,"This CPU is very powerful for the cost. Great value. Very fast for the cost, but it does require you to have a dedicated graphics card.",Great value,"Reviewed in the United States on June 23, 2023",True,5.0
B09NPJX7PV,Awesome price and works flawlessly,Amazing deal,"Reviewed in the United States on September 11, 2023",True,5.0
B09NPJX7PV,"Funcionando perfecto, por el precio no hay nada mejor",Excelente,"Reviewed in the United States on July 28, 2023",True,5.0
B09NPJX7PV,Best price to performance CPU in 2023,Bang for the buck!,"Reviewed in the United States on August 13, 2023",True,5.0
B09NPJX7PV,I saw the imprint of poorly whipped off thermal paste on my chip and if ur paying new prices for a used chip. What's the point.,That the cpu is used?,"Reviewed in the United States on August 9, 2023",True,3.0
B09NPJX7PV,"Manages to work all my games such as Fortnite and such very well. Better than console and if matched properly to other components, you don’t need a very expensive build",Great for budget build,"Reviewed in the United States on April 20, 2023",True,5.0
B09NPJX7PV,"This is the little giant of the CPUs, i3-12100/F right now is sufficient for 1080p gaming with a decent graphics card. Have been using it for almost a week now and it still feels unbelievable that this budget CPU is capable of the gaming I'm seeing in my PC.",This is the best value for money CPU for gaming in 2022,"Reviewed in the United States on November 18, 2022",True,5.0
B09NPJX7PV,"I've used the 12100F in several gaming builds and it is a great budget gaming CPU, in fact I wouldn't step up to a 12400F unless I was building a rig with a 6800/3080 level of GPU anything under that the 12100F will suffice. If your looking for production there might be better options though.",Budget Gaming King,"Reviewed in the United States on August 12, 2022",True,5.0
B09NPJX7PV,Never exceeded 125f with a cooler master fan cooler. Solid for budget gaming.,Keeps cool and have had no issues.,"Reviewed in the United States on June 15, 2023",True,5.0
B09NPJX7PV,Cumple con las espectativas,Muy bueno,"Reviewed in the United States on August 14, 2023",True,5.0
B09NPJX7PV,Súper procesador costo beneficio,Súper,"Reviewed in the United States on August 3, 2023",True,5.0
B09NPJX7PV,It's not much but will work for gaming,Don't be fooled. This thing lifts heavy,"Reviewed in the United States on July 11, 2023",True,5.0
B09NPJX7PV,This processor is the best value chip right now! Great for budget gamers! Will be capable for years to come in the mid-low endIf you are on a strict budget this is the chip to buy rn at $1101/16/23,Intel Owns the low end right now!,"Reviewed in the United States on January 16, 2023",True,5.0
B09NPJX7PV,but it is a bottleneck in lots of games. but most games it will run fine some like Cyberpunk 2077 can jug because the cpu cores aren't enough,Its great for the money,"Reviewed in the United States on October 30, 2022",True,4.0
B09NPJX7PV,I use this with my rx5500 partnered by my noctua u12s redux CPU cooler. I run flight sim at about 60-68°c at around 60-80 fps. I just got into PC’s and I can tell that this was a really good CPU to start off with.,This thing is an absolute UNIT!,"Reviewed in the United States on October 11, 2022",True,5.0
B09NPJX7PV,This cpu is the best budget chip on the market imo yes the download speeds are amazing and the cooling isn’t the best at times but for price to performance this chip is worth every dollar would highly recommend this to anyone on a budget,Buy this cpu!!,"Reviewed in the United States on October 9, 2022",True,5.0
B09NPJX7PV,Excelente producto.,Excelente producto.,"Reviewed in the United States on August 1, 2023",True,5.0
B09NPJX7PV,I needed a cheap CPU that would work with my RX 6600 and this CPU saved me from going with the R5 5500 since I would've been paying more for an AMD build for less performance.,Great with my RX 6600,"Reviewed in the United States on January 30, 2023",True,5.0
B09NPJX7PV,full,full,"Reviewed in the United States on July 20, 2023",True,5.0
B09NPJX7PV,"muy bueno ,,excelente",llego a tiempo para poder jugar en la  PC,"Reviewed in the United States on July 9, 2023",True,5.0
B09NPJX7PV,"Great for cheaper builds because its a modern processor! The included fan works great and keeps the build cool, but I would opt for a better one (like a hyper 212 evo) later.",Easy to install,"Reviewed in the United States on December 8, 2022",True,5.0
B09NPJX7PV,"This was a gift, built our own PC for the grandson, reliable and fast for his gaming needs, good value and like having the name brand.",Reliable and fast,"Reviewed in the United States on January 14, 2023",True,5.0
B09NPJX7PV,Goooood,God,"Reviewed in the United States on June 17, 2023",True,5.0
B09NPJX7PV,"Great processor! Just pay attention this model with the F in the end do not work with integrated video, so you will always need an external graphic card to work.","Works great, just remember it’s the F model","Reviewed in the United States on October 25, 2022",True,5.0
B09NPJX7PV,Fully working and blazing fast for 100$,Gets the job done,"Reviewed in the United States on April 28, 2023",True,5.0
B09NPJX7PV,works very well,works very well,"Reviewed in the United States on May 14, 2023",True,5.0
B09NPJX7PV,"Used a budget 100$ asus 12th gen motherboard, best bang for your buck with a rtx 3060!",Pretty solid processor for the money,"Reviewed in the United States on February 10, 2023",True,5.0
B09NPJX7PV,This CPU is the best in terms of value. Doesn't cost much and punches high above its weight.,Quick delivery and best value CPU,"Reviewed in the United States on January 16, 2023",True,5.0
B09NPJX7PV,"Maybe this isn’t the best cpu out there but for the price, it’s great value. Works pretty good for gaming and doesn’t cost too much for a cpu.",Good stuff,"Reviewed in the United States on September 14, 2022",True,5.0
B09NPJX7PV,"This cpu is perfect for 1080p gaming, mid to high settings. Pairs well with the rtx 3050 or rx 6600",Amazing budget cpu,"Reviewed in the United States on December 3, 2022",True,5.0
B09NPJX7PV,So far so good,Works,"Reviewed in the United States on April 17, 2023",True,5.0
B09NPJX7PV,Perfect for low budget gaming!!! I built my 1st PC with it!,LOW BUDGET!!!,"Reviewed in the United States on February 6, 2023",True,5.0
B09NPJX7PV,I use it to test and upgrade older motherboards or defective rigs.,Good Budget Cpu,"Reviewed in the United States on January 31, 2023",True,5.0
B09NPJX7PV,Extremely powerful,Best bang for buck,"Reviewed in the United States on April 7, 2023",True,5.0
B09NPJX7PV,worked well but I ultimately went with a more powerful processor.,good value processor,"Reviewed in the United States on January 12, 2023",True,5.0
B09NPJX7PV,Works great for my current pc setup 👍,It works!,"Reviewed in the United States on January 15, 2023",True,5.0
B09NPJX7PV,Packing already open. CPU in protect case not right position so protected case pust connect area. Heat sink not cleat and every where in CPU front and back. Box already open and fan is dirty. Original heat sink been used. I really don't mind if work but if not working I will return.,Very dirty and used. I did not saw it is used when I bought,"Reviewed in the United States on April 11, 2024",True,1.0
B09NPJasin,text,title,location_and_date,verified,rating
B0BN5Z8MDR,Ideal for my use.,It works as expected,"Reviewed in the United Kingdom on September 17, 2023",True,5.0
B0BN5Z8MDR,Lo compré por que estaba a un precio muy bueno,Fue una oportunidad,"Reviewed in Spain on June 8, 2024",True,5.0
B0BN5Z8MDR,Molto Ottimo!,Processore intel i3 1700,"Reviewed in Italy on July 12, 2024",True,5.0
B0BN5Z8MDR,Schnelle Lieferung! Alles super!,Alles super!,"Reviewed in Germany on January 30, 2024",True,5.0
B0BN5Z8MDR,Un procesador muy bueno y rapido,Excelente producto.,"Reviewed in Mexico on July 28, 2023",True,5.0
B0BN5Z8MDR,"Pas de surprise, excellent rapport performance/prix",Bon prix !,"Reviewed in Belgium on February 15, 2024",True,5.0
B0BN5Z8MDR,"Sert aussi a mon PC PC MSI MPG B760I EDGE WIFI  Intel I3 13100 4300mhz et carte Radeon RX7600qui affiche la 4K sur l’écranFonctionne à  4300mhz  sur 2 cores et 4500mhz sur un coreTout à fait satisfaisant, excellente réactivité, activité modélisation CAO 3D, Prusa Slicer",Exelent rapport qualité prix,"Reviewed in France on August 29, 2023",True,5.0
B0BN5Z8MDR,"Funciona perfectamente, a pesar de ser in i3 el P C funciona muy fluido.","Relación calidad precio, segunda mano.","Reviewed in Spain on September 13, 2023",True,5.0
B0BN5Z8MDR,"Scalda pochissimo ed è perfetto per un uso casalingo, come navigazione internet, pacchetto office, youtube",Perfetto,"Reviewed in Italy on January 16, 2024",True,5.0
B0BN5Z8MDR,"Gute Preis/Leistung. Sparsam und für den normalen, nicht spielenden Office PC User vollkommen ausreichend.",Gute Office CPU,"Reviewed in Germany on November 9, 2023",True,5.0
B0BN5Z8MDR,Abbinato a una buona configurazione scheggia,Buon processore,"Reviewed in Italy on June 27, 2023",True,5.0
B0BN5Z8MDR,"neuer i3 für Bürocomputer MSOffice etc. vollkommen ausreichend, Leistung passt.",Leistung,"Reviewed in Germany on April 6, 2023",True,5.0
B0BN5Z8MDR,"Intel® Core™ i3-13100 Desktop 12MB Cache, instalado y funcionando perfectamente en placa asus tuf gaming b 760m plus.El envío también llego muy rápido.",INTEL CORE I3 - 13100 - 13 generación,"Reviewed in Spain on July 31, 2023",True,5.0
B0BN5Z8MDR,"CPU Intel Core i3 di tredicesima generazione molto prestante, si può usare sia per il gaming che per il lavoro a livello professionale. L'ho testato un pò e posso dire che funziona davvero bene, non ha dato segni di cedimento e non si surriscalda in modo eccessivo.E' stato consegnato dovutamente imballato e nei giorni previsti da Amazon!",Intel Core i3-13100 processor 12 MB Smart Cache Box,"Reviewed in Italy on June 7, 2023",True,4.0
B0BN5Z8MDR,Come prestazioni è meglio di un i7 serie 7.Inoltre essendo un 4 core va bene anche per il gaming.,Ottimo,"Reviewed in Italy on March 31, 2023",True,5.0
B0BN5Z8MDR,"Il processore in sé é ottimo. Reattivo e performante nelle applicazioni standard (internet, ufficio) però va messo in conto un dissipatore perché quello stock è rumoroso e inefficiente.","Processore performante, stock cooler pessimo.","Reviewed in Italy on October 12, 2023",True,3.0
B0BN5ZG6J4,"A l'instar de ce que peuvent dire nos chère Youtubeurs FR, ce proc fait grave le taf mais attention au prix, max 120€ sinon trop chère.",Rapport perf/prix,"Reviewed in France on October 22, 2023",True,5.0
B0BN5ZG6J4,"Me sorprendió mucho este procesador, junto a mi 4060ti de 8gb de vram, más 32gb de ram en dual channel funciona todo correctamente, puedo jugar juegos en 1080p, 1440p y 4k sin ningún problema. Recomendando",Muy buen procesador para este 2024,"Reviewed in Mexico on February 17, 2024",True,5.0
B0BN5ZG6J4,Un procesador de gama de entrada que se desenvuelve muy bien incluso en equipos gaming.,De lo mejor en relación calidad precio,"Reviewed in Spain on May 6, 2024",True,5.0
B0BN5ZG6J4,non ho potuto provarlo non so come va,non ho potuto provarlo problemi con scheda madre non partiva,"Reviewed in Italy on May 13, 2024",True,5.0
B0BN5ZG6J4,"I received a 13100f  in a tatty box, not the 13100 which I thought I was getting as it even mentioned in the specs it was the igpu UHD 730 version chip",Not as advertised,"Reviewed in the Netherlands on February 1, 2023",True,1.0
B0BN5ZG6J4,Simple to install and so quick,Excellent product,"Reviewed in the United Kingdom on June 27, 2024",True,5.0
B0BN5ZG6J4,It’s i3-13100f not i3-13100,Not recommend!,"Reviewed in Belgium on January 21, 2023",True,1.0
B0BN5ZG6J4,from what i saw on yt and websites it would be way worst. Many people were saying that it would under perform with the RX 6650xt i bought. not really ture on pretty much every game i tested wiht & without overclocking did 2-2.5 times better than expected i have build a $750 setup with some help from yt and for now it is really good. definatly buy it for beginning and at anytime you could just upgrqade it,better than i tghout,"Reviewed in Germany on November 9, 2023",True,5.0
B0BN5ZG6J4,"Nach einem Mainboard-Defekt musste ich leider mein altes ASUS P5B der Entsorgung übereignen, zusammen mit dem installierten Core 2 Quad. Wobei diese Kombination für einen Business- und Home-Office-PC auch heute noch unter Windows 10 leistungsmäßig völlig okay gewesen ist. Nur der Wechsel auf Windows 11 hätte früher oder später ohnehin ein Hardware-Update nötig gemacht … was durch den Defekt jetzt beschleunigt wurde.Das soll sozusagen mein Anforderungsprofil beschreiben. Und das erfüllt der 13100F. Onboard-Grafik brauche ich nicht, bei 3 Monitoren komme ich an einer Grafikkarte sowieso nicht vorbei. Die CPU ist vergleichsweise günstig, und sie ist für meine Zwecke mehr als schnell genug. Der geringe Stromhunger lässt den PC nahezu lautlos laufen und verspricht eine lange Lebensdauer. Erfahrungsgemäß ist sogar noch etwas Undervolting drin, was diese Dinge nochmal verbessern dürfte.Als kostengünstige CPU für meine Zwecke passt es. Das höhere Potential teurerer Prozessoren würde ich sowieso nicht abrufen.",Für mich die richtige CPU.,"Reviewed in Germany on September 10, 2023",True,5.0
B0BN5ZG6J4,"Largement suffisant pour la plupart des gens , la 13eme génération d'Intel est vraiment performante . 4 coeurs 8 Threads ont fait tout a 4.5 GHZ⚠️⚠️ Le 13100F ne possède pas de partie Graphique, faut absolument une Carte Graphique.",Très très performant et suffisant pour build personnel,"Reviewed in France on July 16, 2023",True,5.0
B0BQ6CTTMK,"I build PCs for clients daily. The core i3-13100 is absolutely perfect.  6 core 12 thread, nothing can beat it for the money. And the client is very happy with its performance.  Can run many different programs at once.The core i3 has changed alot over the years. Used to be dual core, with HT, then quad core not HT, now 6 core 12 thread. Much better value.  Maybe for the 14th gen core i3 they could include 6 P-cores, 2 E-cores, being the same 12 thread CPU,",These are perfect for office buids,"Reviewed in the United States on September 14, 2023",True,5.0
B0BQ6CTTMK,This is a Great entry level processor that works like a more expensive processor!  Makes an excellent first computer!,Great Entry Level Processor!,"Reviewed in the United States on February 6, 2024",True,5.0
B0BQ6CTTMK,"If you need more processor, buy more processor.  However, most web surfer and video viewers will never notice this is a budget CPU.  Modern tech makes this little guys speedy as heck.  It runs games just fine as long as your expectations aren't super high end 4K gaming at a zillion FPS.  Check youtube for videos.  Great little chip.",Great bang for the buck,"Reviewed in the United States on May 13, 2023",True,5.0
B0BQ6CTTMK,"The 13100 isn't the powerhouse that the 13900k is, but it works well for day to day task where a more powerful processor isn't required.",Good value for the money,"Reviewed in the United States on July 13, 2023",True,4.0
B0BQ6CTTMK,Used it in a fresh build on MSI Mortar wifi and Thermalright assassin x. Temps 3x on idle and 5x on load. Has all needed performance and with integrated graphics is all needed. With Gigabyte Eagle RTX 3060 OC got Fortnite Epic run 130fps @1080p and ~90fps @1440p. Black Mesa ultra @1440p got 100-200fps. Single Con: Could be better priced around 130 though. I decided to have this configuration to have the possibilty to upgrade to 13600k sometime later if needed for Graphics render software.,Enough and has integrated graphics,"Reviewed in the United States on March 26, 2023",True,5.0
B0BQ6CTTMK,"El menor de su familia y se defiende muy bien, va perfecto con una RTX 3060 12GB y todo en ULTRA","Va bastante bien, es un guerrero","Reviewed in the United States on July 9, 2023",True,5.0
B0BQ6CTTMK,All I can say is that I'm very happy with my purchase!,Great Quality!,"Reviewed in the United States on July 10, 2023",True,5.0
B0BQ6CTTMK,"Procesador Intel muy bueno, excelente sistema operativo, por el momento la computadores es muy ágil, no se tiene problemas de lentitud o que se trabe algún programa,  lo recomiendo.",Excelente producto,"Reviewed in the United States on November 16, 2023",True,5.0
B0BQ6CTTMK,merci,qualite,"Reviewed in Canada on April 19, 2024",True,5.0
B0BQ6CTTMK,Pour le prix,Excellent,"Reviewed in Canada on August 30, 2023",True,5.0
B0BQ6CTTMK,商品説明では4.50GHｚとあるが、これはターボ・ブースト利用時の最大周波数であって、ベース周波数は3.4GHｚとCore i3第8世代の3.6GHｚより低い。パソコン使用時、いつブーストされているのかわからないが、それでも第8世代ＰＣより快適に動いている。,Windows設定の詳細情報では3.4GHzと表示される,"Reviewed in Japan on April 2, 2024",True,4.0
