Likes,Dislikes,Suggestions
"- AMD’s 12700k is light years ahead of its competitors with the 12700K
- The i7-12700k runs a bit cooler and uses less load in gaming, saving you electricity
- For the first time sense of the cost of the AMD product has been revealed",,"- I wouldn't go above this particular model in terms of performance unless you had some unusually serious processing needs
- Odds are you would be better spending that money on a better GPU
- I cannot say enough about this CPU, and would totally recommend this product!! It runs much cooler than my i9-9900k (mild OC) ( 59C-63C under a gaming load vs 75C+)"
