Likes,Dislikes,Suggestions
"- Intel Core i7-13700K: Gaming Beast with Brawn and Bandwidth, But Not Without Bite
- Pricey compared to previous generations, runs hot, requires beefy cooling
- Best value CPU if you require enough speed for  gaming",,"- AMD AMD AMD Ryzen 7 5800X processor is running better than my 9700k by far
- MSI Z790 Tomahawk WiFi LGA 1700 ATX ATX motherboard is recommended
- The i7 runs a bit hotter than the 13th gen i5, but I just couldn't resist spending a bit more for extra cores"
