Likes,Dislikes,Suggestions
"- Intel Core i9-14900K processor is a beast when it comes to gaming and multitasking
- With its 24-core configuration, this CPU handles everything from intense gaming sessions to heavy-duty content creation smoothly
- Lightning-fast speeds and seamless performance make every task a breeze","- Lian Li Galahad II Trinity 360 is a monster of a CPU genuinely and if you are in the market for an upgrade don't hesitate you won't regret it
- Even with a sizable undervolt, it still throttles at around 230W running 100C
- With hyper-threading and e-cores enabled, it supports 8200 to 8400 MTS CL38 RAM, boasts sub-55ns bus latency, and sub-9
- 3ns FWL","- AMD's 14900k is not as powerful as I thought it would be
- Seems to run a little hotter than my AMD 7950X
- I recommend using a triple-fan-radiator AIO cooler to keep this bad boy cool"
