Likes,Dislikes,Suggestions
"- The stock fan that comes with it is quieter than I was expecting, and installation was a snap
- Switched to 14500 since my itx build cant handle 13900K, turned out I don’t feel any difference in the noise","
- I have never seen a stock cooler come with thermal paste on it and especially not hardened crusty crusty thermal paste
- I had to clean it off with rubbing alcohol
- Amazon puts a LPN label over the Intel information sticker so you can't't't buy it from Amazon","- Cooler 4 Heatpipes CPU Air Cooler 120mm PWM Fan CPU Fan for Intel LGA1700/115X/1200; AMD AM4/AM5
- I wish Intel would not include the cooler and give the cooler away"
