text,title,rating,clean_text
Ideal for my use.,It works as expected,5.0,ideal for my use
Lo compré por que estaba a un precio muy bueno,Fue una oportunidad,5.0,lo compré por que estaba a un precio muy bueno
Molto Ottimo!,Processore intel i3 1700,5.0,molto ottimo
Schnelle Lieferung! Alles super!,Alles super!,5.0,schnelle lieferung alles super
Un procesador muy bueno y rapido,Excelente producto.,5.0,un procesador muy bueno y rapido
"Pas de surprise, excellent rapport performance/prix",Bon prix !,5.0,pas de surprise excellent rapport performanceprix
"Sert aussi a mon PC PC MSI MPG B760I EDGE WIFI  Intel I3 13100 4300mhz et carte Radeon RX7600qui affiche la 4K sur l’écranFonctionne à  4300mhz  sur 2 cores et 4500mhz sur un coreTout à fait satisfaisant, excellente réactivité, activité modélisation CAO 3D, Prusa Slicer",Exelent rapport qualité prix,5.0,sert aussi a mon pc pc msi mpg b760i edge wifi  intel i3 13100 4300mhz et carte radeon rx7600qui affiche la 4k sur lécranfonctionne à  4300mhz  sur 2 cores et 4500mhz sur un coretout à fait satisfaisant excellente réactivité activité modélisation cao 3d prusa slicer
"Funciona perfectamente, a pesar de ser in i3 el P C funciona muy fluido.","Relación calidad precio, segunda mano.",5.0,funciona perfectamente a pesar de ser in i3 el p c funciona muy fluido
"Scalda pochissimo ed è perfetto per un uso casalingo, come navigazione internet, pacchetto office, youtube",Perfetto,5.0,scalda pochissimo ed è perfetto per un uso casalingo come navigazione internet pacchetto office youtube
"Gute Preis/Leistung. Sparsam und für den normalen, nicht spielenden Office PC User vollkommen ausreichend.",Gute Office CPU,5.0,gute preisleistung sparsam und für den normalen nicht spielenden office pc user vollkommen ausreichend
Abbinato a una buona configurazione scheggia,Buon processore,5.0,abbinato a una buona configurazione scheggia
"neuer i3 für Bürocomputer MSOffice etc. vollkommen ausreichend, Leistung passt.",Leistung,5.0,neuer i3 für bürocomputer msoffice etc vollkommen ausreichend leistung passt
"Intel® Core™ i3-13100 Desktop 12MB Cache, instalado y funcionando perfectamente en placa asus tuf gaming b 760m plus.El envío también llego muy rápido.",INTEL CORE I3 - 13100 - 13 generación,5.0,intel core i313100 desktop 12mb cache instalado y funcionando perfectamente en placa asus tuf gaming b 760m plusel envío también llego muy rápido
"CPU Intel Core i3 di tredicesima generazione molto prestante, si può usare sia per il gaming che per il lavoro a livello professionale. L'ho testato un pò e posso dire che funziona davvero bene, non ha dato segni di cedimento e non si surriscalda in modo eccessivo.E' stato consegnato dovutamente imballato e nei giorni previsti da Amazon!",Intel Core i3-13100 processor 12 MB Smart Cache Box,4.0,cpu intel core i3 di tredicesima generazione molto prestante si può usare sia per il gaming che per il lavoro a livello professionale lho testato un pò e posso dire che funziona davvero bene non ha dato segni di cedimento e non si surriscalda in modo eccessivoe stato consegnato dovutamente imballato e nei giorni previsti da amazon
Come prestazioni è meglio di un i7 serie 7.Inoltre essendo un 4 core va bene anche per il gaming.,Ottimo,5.0,come prestazioni è meglio di un i7 serie 7inoltre essendo un 4 core va bene anche per il gaming
"Il processore in sé é ottimo. Reattivo e performante nelle applicazioni standard (internet, ufficio) però va messo in conto un dissipatore perché quello stock è rumoroso e inefficiente.","Processore performante, stock cooler pessimo.",3.0,il processore in sé é ottimo reattivo e performante nelle applicazioni standard internet ufficio però va messo in conto un dissipatore perché quello stock è rumoroso e inefficiente
text,title,rating,text
"A l'instar de ce que peuvent dire nos chère Youtubeurs FR, ce proc fait grave le taf mais attention au prix, max 120€ sinon trop chère.",Rapport perf/prix,5.0,a linstar de ce que peuvent dire nos chère youtubeurs fr ce proc fait grave le taf mais attention au prix max 120 sinon trop chère
"Me sorprendió mucho este procesador, junto a mi 4060ti de 8gb de vram, más 32gb de ram en dual channel funciona todo correctamente, puedo jugar juegos en 1080p, 1440p y 4k sin ningún problema. Recomendando",Muy buen procesador para este 2024,5.0,me sorprendió mucho este procesador junto a mi 4060ti de 8gb de vram más 32gb de ram en dual channel funciona todo correctamente puedo jugar juegos en 1080p 1440p y 4k sin ningún problema recomendando
Un procesador de gama de entrada que se desenvuelve muy bien incluso en equipos gaming.,De lo mejor en relación calidad precio,5.0,un procesador de gama de entrada que se desenvuelve muy bien incluso en equipos gaming
non ho potuto provarlo non so come va,non ho potuto provarlo problemi con scheda madre non partiva,5.0,non ho potuto provarlo non so come va
"I received a 13100f  in a tatty box, not the 13100 which I thought I was getting as it even mentioned in the specs it was the igpu UHD 730 version chip",Not as advertised,1.0,i received a 13100f  in a tatty box not the 13100 which i thought i was getting as it even mentioned in the specs it was the igpu uhd 730 version chip
Simple to install and so quick,Excellent product,5.0,simple to install and so quick
It’s i3-13100f not i3-13100,Not recommend!,1.0,its i313100f not i313100
from what i saw on yt and websites it would be way worst. Many people were saying that it would under perform with the RX 6650xt i bought. not really ture on pretty much every game i tested wiht & without overclocking did 2-2.5 times better than expected i have build a $750 setup with some help from yt and for now it is really good. definatly buy it for beginning and at anytime you could just upgrqade it,better than i tghout,5.0,from what i saw on yt and websites it would be way worst many people were saying that it would under perform with the rx 6650xt i bought not really ture on pretty much every game i tested wiht  without overclocking did 225 times better than expected i have build a 750 setup with some help from yt and for now it is really good definatly buy it for beginning and at anytime you could just upgrqade it
"Nach einem Mainboard-Defekt musste ich leider mein altes ASUS P5B der Entsorgung übereignen, zusammen mit dem installierten Core 2 Quad. Wobei diese Kombination für einen Business- und Home-Office-PC auch heute noch unter Windows 10 leistungsmäßig völlig okay gewesen ist. Nur der Wechsel auf Windows 11 hätte früher oder später ohnehin ein Hardware-Update nötig gemacht … was durch den Defekt jetzt beschleunigt wurde.Das soll sozusagen mein Anforderungsprofil beschreiben. Und das erfüllt der 13100F. Onboard-Grafik brauche ich nicht, bei 3 Monitoren komme ich an einer Grafikkarte sowieso nicht vorbei. Die CPU ist vergleichsweise günstig, und sie ist für meine Zwecke mehr als schnell genug. Der geringe Stromhunger lässt den PC nahezu lautlos laufen und verspricht eine lange Lebensdauer. Erfahrungsgemäß ist sogar noch etwas Undervolting drin, was diese Dinge nochmal verbessern dürfte.Als kostengünstige CPU für meine Zwecke passt es. Das höhere Potential teurerer Prozessoren würde ich sowieso nicht abrufen.",Für mich die richtige CPU.,5.0,nach einem mainboarddefekt musste ich leider mein altes asus p5b der entsorgung übereignen zusammen mit dem installierten core 2 quad wobei diese kombination für einen business und homeofficepc auch heute noch unter windows 10 leistungsmäßig völlig okay gewesen ist nur der wechsel auf windows 11 hätte früher oder später ohnehin ein hardwareupdate nötig gemacht  was durch den defekt jetzt beschleunigt wurdedas soll sozusagen mein anforderungsprofil beschreiben und das erfüllt der 13100f onboardgrafik brauche ich nicht bei 3 monitoren komme ich an einer grafikkarte sowieso nicht vorbei die cpu ist vergleichsweise günstig und sie ist für meine zwecke mehr als schnell genug der geringe stromhunger lässt den pc nahezu lautlos laufen und verspricht eine lange lebensdauer erfahrungsgemäß ist sogar noch etwas undervolting drin was diese dinge nochmal verbessern dürfteals kostengünstige cpu für meine zwecke passt es das höhere potential teurerer prozessoren würde ich sowieso nicht abrufen
"Largement suffisant pour la plupart des gens , la 13eme génération d'Intel est vraiment performante . 4 coeurs 8 Threads ont fait tout a 4.5 GHZ⚠️⚠️ Le 13100F ne possède pas de partie Graphique, faut absolument une Carte Graphique.",Très très performant et suffisant pour build personnel,5.0,largement suffisant pour la plupart des gens  la 13eme génération dintel est vraiment performante  4 coeurs 8 threads ont fait tout a 45 ghz le 13100f ne possède pas de partie graphique faut absolument une carte graphique
"I build PCs for clients daily. The core i3-13100 is absolutely perfect.  6 core 12 thread, nothing can beat it for the money. And the client is very happy with its performance.  Can run many different programs at once.The core i3 has changed alot over the years. Used to be dual core, with HT, then quad core not HT, now 6 core 12 thread. Much better value.  Maybe for the 14th gen core i3 they could include 6 P-cores, 2 E-cores, being the same 12 thread CPU,",These are perfect for office buids,5.0,i build pcs for clients daily the core i313100 is absolutely perfect  6 core 12 thread nothing can beat it for the money and the client is very happy with its performance  can run many different programs at oncethe core i3 has changed alot over the years used to be dual core with ht then quad core not ht now 6 core 12 thread much better value  maybe for the 14th gen core i3 they could include 6 pcores 2 ecores being the same 12 thread cpu
This is a Great entry level processor that works like a more expensive processor!  Makes an excellent first computer!,Great Entry Level Processor!,5.0,this is a great entry level processor that works like a more expensive processor  makes an excellent first computer
"If you need more processor, buy more processor.  However, most web surfer and video viewers will never notice this is a budget CPU.  Modern tech makes this little guys speedy as heck.  It runs games just fine as long as your expectations aren't super high end 4K gaming at a zillion FPS.  Check youtube for videos.  Great little chip.",Great bang for the buck,5.0,if you need more processor buy more processor  however most web surfer and video viewers will never notice this is a budget cpu  modern tech makes this little guys speedy as heck  it runs games just fine as long as your expectations arent super high end 4k gaming at a zillion fps  check youtube for videos  great little chip
"The 13100 isn't the powerhouse that the 13900k is, but it works well for day to day task where a more powerful processor isn't required.",Good value for the money,4.0,the 13100 isnt the powerhouse that the 13900k is but it works well for day to day task where a more powerful processor isnt required
Used it in a fresh build on MSI Mortar wifi and Thermalright assassin x. Temps 3x on idle and 5x on load. Has all needed performance and with integrated graphics is all needed. With Gigabyte Eagle RTX 3060 OC got Fortnite Epic run 130fps @1080p and ~90fps @1440p. Black Mesa ultra @1440p got 100-200fps. Single Con: Could be better priced around 130 though. I decided to have this configuration to have the possibilty to upgrade to 13600k sometime later if needed for Graphics render software.,Enough and has integrated graphics,5.0,used it in a fresh build on msi mortar wifi and thermalright assassin x temps 3x on idle and 5x on load has all needed performance and with integrated graphics is all needed with gigabyte eagle rtx 3060 oc got fortnite epic run 130fps 1080p and 90fps 1440p black mesa ultra 1440p got 100200fps single con could be better priced around 130 though i decided to have this configuration to have the possibilty to upgrade to 13600k sometime later if needed for graphics render software
"El menor de su familia y se defiende muy bien, va perfecto con una RTX 3060 12GB y todo en ULTRA","Va bastante bien, es un guerrero",5.0,el menor de su familia y se defiende muy bien va perfecto con una rtx 3060 12gb y todo en ultra
All I can say is that I'm very happy with my purchase!,Great Quality!,5.0,all i can say is that im very happy with my purchase
"Procesador Intel muy bueno, excelente sistema operativo, por el momento la computadores es muy ágil, no se tiene problemas de lentitud o que se trabe algún programa,  lo recomiendo.",Excelente producto,5.0,procesador intel muy bueno excelente sistema operativo por el momento la computadores es muy ágil no se tiene problemas de lentitud o que se trabe algún programa  lo recomiendo
merci,qualite,5.0,merci
Pour le prix,Excellent,5.0,pour le prix
商品説明では4.50GHｚとあるが、これはターボ・ブースト利用時の最大周波数であって、ベース周波数は3.4GHｚとCore i3第8世代の3.6GHｚより低い。パソコン使用時、いつブーストされているのかわからないが、それでも第8世代ＰＣより快適に動いている。,Windows設定の詳細情報では3.4GHzと表示される,4.0,商品説明では450ghｚとあるがこれはターボブースト利用時の最大周波数であってベース周波数は34ghｚとcore i3第8世代の36ghｚより低いパソコン使用時いつブーストされているのかわからないがそれでも第8世代ｐｃより快適に動いている
