text,title,rating,clean_text,sentiment
"Intel i5 1440 10 Core/16Thread/with Intel 730 UHD graphics; Low profile; low heat; TDP 65W, paired with an Intel ARC graphics Card that is powered by the PCI-e slot.Great Home Theatre PC. Amazed at how good Intel is getting.",Snappy CPU Such Value for-<$250.00,5.0,intel i5 1440 10 core16threadwith intel 730 uhd graphics low profile low heat tdp 65w paired with an intel arc graphics card that is powered by the pcie slotgreat home theatre pc amazed at how good intel is getting,positive
"The CPU works great, but it was constantly 90C-100C on light duty.Definitely buy an aftermarket cooler.  The intel specs say 154watt power consumption on max load, so 150watt cooler may not be quite enough.I didn't want to take a chance and purchased a dual tower air cooler rated at +250w cooling.  It runs very cool and quiet.",Cooler is inadequate.,5.0,the cpu works great but it was constantly 90c100c on light dutydefinitely buy an aftermarket cooler  the intel specs say 154watt power consumption on max load so 150watt cooler may not be quite enoughi didnt want to take a chance and purchased a dual tower air cooler rated at 250w cooling  it runs very cool and quiet,positive
"This is a great product at a great price that runs cool with the included cooler. However, every motherboard manufacturer is now OVER VOLTING the CPUs causing them to run hotter and be less efficient so they can pass benchmarks with slightly higher scores at the cost of cooking your CPU. Look up the PL1 (long term power) and PL2 (short term power) ratings for your CPU and compare it to the massive over-volting your motherboard is doing to it without your knowledge or consent.In this case, the PL1 on a 14500 is 65w and the PL2 is 154w. My AsRock board was over-volting this to 219w+!!! No wonder it was cooking the CPU. This is not even an over-clockable CPU!There is a setting in the AsRock BIOS EZ screen to ENABLE INTEL POWER LIMITS, but it does not work! You need to go to advanced settings and find the long and short power limits and put them back MANUALLY to Intel's specifications.Now your chip will not over-heat, will cost less money to run, will last longer, be more reliable and you do NOT need to waste your money on more expensive coolers or thermal paste, nor waste your time installing and wiring all that up!!!!!!!",Included CPU cooler is great if you know your motherboard is over-volting your CPU by default,5.0,this is a great product at a great price that runs cool with the included cooler however every motherboard manufacturer is now over volting the cpus causing them to run hotter and be less efficient so they can pass benchmarks with slightly higher scores at the cost of cooking your cpu look up the pl1 long term power and pl2 short term power ratings for your cpu and compare it to the massive overvolting your motherboard is doing to it without your knowledge or consentin this case the pl1 on a 14500 is 65w and the pl2 is 154w my asrock board was overvolting this to 219w no wonder it was cooking the cpu this is not even an overclockable cputhere is a setting in the asrock bios ez screen to enable intel power limits but it does not work you need to go to advanced settings and find the long and short power limits and put them back manually to intels specificationsnow your chip will not overheat will cost less money to run will last longer be more reliable and you do not need to waste your money on more expensive coolers or thermal paste nor waste your time installing and wiring all that up,positive
"The CPU performs great.  Good price.  Probably not for gaming, but I'm not a gamer.The cooler is not sufficient for this CPU.  I had to buy a better one.  I am happy with this one:ID-COOLING SE-224-XTS CPU Cooler 4 Heatpipes CPU Air Cooler 120mm PWM Fan CPU Fan for Intel LGA1700/115X/1200; AMD AM4/AM5I wish Intel would not include the cooler and give the false impression that it will be fine.  Don't cook your CPU; just buy a better one.","Great CPU, horrible cooler.",4.0,the cpu performs great  good price  probably not for gaming but im not a gamerthe cooler is not sufficient for this cpu  i had to buy a better one  i am happy with this oneidcooling se224xts cpu cooler 4 heatpipes cpu air cooler 120mm pwm fan cpu fan for intel lga1700115x1200 amd am4am5i wish intel would not include the cooler and give the false impression that it will be fine  dont cook your cpu just buy a better one,positive
"This is an upgrade from a 4 core processor I used to have. This CPU feels super fast in comparison. I really love it!I use this for gaming, I've never seen it get even close to 100% usage, but I don't play anything too demanding or at max settings.The fan that it comes with it's a little bit loud, but not enough to bother me, specially since I game with my headphones on. But I like that it comes with thermal paste pre-applied.",Amazing!,5.0,this is an upgrade from a 4 core processor i used to have this cpu feels super fast in comparison i really love iti use this for gaming ive never seen it get even close to 100 usage but i dont play anything too demanding or at max settingsthe fan that it comes with its a little bit loud but not enough to bother me specially since i game with my headphones on but i like that it comes with thermal paste preapplied,positive
"This was an impulse purchase, but I'm glad I did it. The stock fan that comes with it is quieter than I was expecting, and installation was a snap.",Impulse purchase,5.0,this was an impulse purchase but im glad i did it the stock fan that comes with it is quieter than i was expecting and installation was a snap,positive
"Switched to 14500 since my itx build cant handle 13900K, turned out I don’t feel any difference, and the fans don’t need to spin at full speed thus much quieter. For those who do casual office work and surf internet, watch youtube, play casual games, 14500 is very good choice.",Good for most office use and  games,5.0,switched to 14500 since my itx build cant handle 13900k turned out i dont feel any difference and the fans dont need to spin at full speed thus much quieter for those who do casual office work and surf internet watch youtube play casual games 14500 is very good choice,positive
Excelente producto,Excelente,5.0,excelente producto,positive
"I love the chip but I noticed something strange. The stock cooler had hardened thermal paste on it. It looks like this was used and resold at a new price. I have never seen a stock cooler come with thermal paste on it and especially not hardened crusty thermal paste. I had to clean it off with rubbing alcohol. Other than that, the chip is a good one and a nice balance between great performance and efficiency with its 65 TDP. I just can't believe that the stock cooler had thermal paste on it and it appears to be used. I have never had that happen before.",I love the chip but.....,4.0,i love the chip but i noticed something strange the stock cooler had hardened thermal paste on it it looks like this was used and resold at a new price i have never seen a stock cooler come with thermal paste on it and especially not hardened crusty thermal paste i had to clean it off with rubbing alcohol other than that the chip is a good one and a nice balance between great performance and efficiency with its 65 tdp i just cant believe that the stock cooler had thermal paste on it and it appears to be used i have never had that happen before,positive
El core i5 de la generación 13 es muy similar. Lo compré ya que está más actualizado. Además el consumo de 65  watts que no requiere refrigeración líquida. Requiere una board actualizada a 14ava generación.,Buen procesador,4.0,el core i5 de la generación 13 es muy similar lo compré ya que está más actualizado además el consumo de 65  watts que no requiere refrigeración líquida requiere una board actualizada a 14ava generación,positive
recomiendo el artículo de muy buena calidad,producto de buena calidad,5.0,recomiendo el artículo de muy buena calidad,positive
I like the CPU but I don't like that Amazon puts a LPN label over the Intel information sticker so you can't get the serial number for your records. You have to download a program from Intel and use a scanner that reads 10 mil data matrix codes or download Intel® Reverse Logistics Toolkit and use your phone camera to scan 2D Matrix,Amazon as they put LPN number sticker over the intel label so you can't get your serial number,5.0,i like the cpu but i dont like that amazon puts a lpn label over the intel information sticker so you cant get the serial number for your records you have to download a program from intel and use a scanner that reads 10 mil data matrix codes or download intel reverse logistics toolkit and use your phone camera to scan 2d matrix,positive
マルチ画面で使用してスリープから開くと一つのモニターを上手く認識出来ず何回もついたり消えたり、ちょっと負荷がかかると3~4個のコアの温度が100℃近くに羽上がる、くそです。,性能がいいとは言えない。,1.0,マルチ画面で使用してスリープから開くと一つのモニターを上手く認識出来ず何回もついたり消えたりちょっと負荷がかかると34個のコアの温度が100近くに羽上がるくそです,negative
